DATE (MM/DD/YYYY),MST,Time,Irradiance,Temperature,Cloud Cover
2/28/2020,6:38,6.38,7.88167,4.148,-1
2/28/2020,6:39,6.39,9.30827,4.134,-1
2/28/2020,6:40,6.4,10.6272,4.146,-1
2/28/2020,6:41,6.41,11.9741,4.157,-1
2/28/2020,6:42,6.42,13.3748,4.031,-1
2/28/2020,6:43,6.43,14.8579,3.977,-1
2/28/2020,6:44,6.44,16.5108,4.176,-1
2/28/2020,6:45,6.45,18.2057,4.189,-1
2/28/2020,6:46,6.46,19.8936,4.278,-1
2/28/2020,6:47,6.47,21.6478,4.213,-1
2/28/2020,6:48,6.48,23.5821,4.199,-1
2/28/2020,6:49,6.49,25.4734,4.248,-1
2/28/2020,6:50,6.5,27.4566,4.027,-1
2/28/2020,6:51,6.51,29.4617,3.878,-1
2/28/2020,6:52,6.52,31.497,3.841,-1
2/28/2020,6:53,6.53,33.6902,4.31,-1
2/28/2020,6:54,6.54,35.943,4.46,-1
2/28/2020,6:55,6.55,38.3155,4.348,-1
2/28/2020,6:56,6.56,40.6414,4.2,-1
2/28/2020,6:57,6.57,43.1071,4.21,-1
2/28/2020,6:58,6.58,45.6773,4.256,4
2/28/2020,6:59,6.59,48.2097,4.347,2
2/28/2020,7:00,7,50.8832,4.387,2
2/28/2020,7:01,7.01,53.4937,4.293,3
2/28/2020,7:02,7.02,56.2178,4.502,3
2/28/2020,7:03,7.03,58.8635,4.71,3
2/28/2020,7:04,7.04,61.6121,4.886,3
2/28/2020,7:05,7.05,64.4841,4.788,3
2/28/2020,7:06,7.06,67.287,4.672,3
2/28/2020,7:07,7.07,69.9714,4.58,3
2/28/2020,7:08,7.08,72.9115,4.489,3
2/28/2020,7:09,7.09,75.9673,4.386,3
2/28/2020,7:10,7.1,78.875,4.491,4
2/28/2020,7:11,7.11,81.7721,4.691,5
2/28/2020,7:12,7.12,84.9421,4.716,5
2/28/2020,7:13,7.13,88.1801,4.864,3
2/28/2020,7:14,7.14,91.3091,4.839,3
2/28/2020,7:15,7.15,94.3119,4.692,6
2/28/2020,7:16,7.16,97.5111,4.706,5
2/28/2020,7:17,7.17,100.838,4.769,6
2/28/2020,7:18,7.18,103.785,4.817,8
2/28/2020,7:19,7.19,106.788,4.881,7
2/28/2020,7:20,7.2,109.828,4.843,6
2/28/2020,7:21,7.21,113.071,4.785,8
2/28/2020,7:22,7.22,116.33,4.794,10
2/28/2020,7:23,7.23,119.687,4.741,10
2/28/2020,7:24,7.24,122.876,4.7,10
2/28/2020,7:25,7.25,126.028,4.668,8
2/28/2020,7:26,7.26,129.241,4.636,10
2/28/2020,7:27,7.27,132.694,4.649,10
2/28/2020,7:28,7.28,136.064,4.687,9
2/28/2020,7:29,7.29,139.212,4.726,10
2/28/2020,7:30,7.3,142.176,4.753,10
2/28/2020,7:31,7.31,145.4,4.85,10
2/28/2020,7:32,7.32,148.762,5.041,8
2/28/2020,7:33,7.33,152.355,5.298,8
2/28/2020,7:34,7.34,155.721,5.533,8
2/28/2020,7:35,7.35,159.036,5.712,9
2/28/2020,7:36,7.36,162.472,5.948,10
2/28/2020,7:37,7.37,165.981,6.147,8
2/28/2020,7:38,7.38,169.771,6.262,8
2/28/2020,7:39,7.39,173.248,6.38,9
2/28/2020,7:40,7.4,176.834,6.444,9
2/28/2020,7:41,7.41,180.43,6.501,8
2/28/2020,7:42,7.42,183.913,6.59,7
2/28/2020,7:43,7.43,187.465,6.641,10
2/28/2020,7:44,7.44,191.008,6.741,10
2/28/2020,7:45,7.45,194.587,6.765,9
2/28/2020,7:46,7.46,198.162,6.871,9
2/28/2020,7:47,7.47,201.689,7.019,8
2/28/2020,7:48,7.48,205.096,7.051,6
2/28/2020,7:49,7.49,208.555,6.969,6
2/28/2020,7:50,7.5,212.168,6.716,8
2/28/2020,7:51,7.51,215.497,6.553,8
2/28/2020,7:52,7.52,218.934,6.535,8
2/28/2020,7:53,7.53,222.432,6.54,9
2/28/2020,7:54,7.54,225.803,6.535,10
2/28/2020,7:55,7.55,229.336,6.624,8
2/28/2020,7:56,7.56,233.023,6.879,9
2/28/2020,7:57,7.57,236.822,7.03,10
2/28/2020,7:58,7.58,240.231,7.089,9
2/28/2020,7:59,7.59,243.73,7.122,6
2/28/2020,8:00,8,247.295,7.105,5
2/28/2020,8:01,8.01,250.887,7.058,5
2/28/2020,8:02,8.02,254.537,6.979,6
2/28/2020,8:03,8.03,258.041,6.917,6
2/28/2020,8:04,8.04,261.669,6.95,6
2/28/2020,8:05,8.05,265.208,7.052,5
2/28/2020,8:06,8.06,268.879,7.169,5
2/28/2020,8:07,8.07,272.454,7.277,6
2/28/2020,8:08,8.08,275.98,7.323,6
2/28/2020,8:09,8.09,279.447,7.451,7
2/28/2020,8:10,8.1,282.975,7.603,8
2/28/2020,8:11,8.11,286.626,7.742,6
2/28/2020,8:12,8.12,290.031,7.777,8
2/28/2020,8:13,8.13,293.552,7.814,11
2/28/2020,8:14,8.14,297.169,7.882,10
2/28/2020,8:15,8.15,300.651,8.04,12
2/28/2020,8:16,8.16,303.837,8.09,10
2/28/2020,8:17,8.17,306.879,8.27,9
2/28/2020,8:18,8.18,310.38,8.32,10
2/28/2020,8:19,8.19,313.414,8.33,11
2/28/2020,8:20,8.2,316.938,8.35,11
2/28/2020,8:21,8.21,320.169,8.32,11
2/28/2020,8:22,8.22,323.396,8.39,13
2/28/2020,8:23,8.23,326.416,8.55,12
2/28/2020,8:24,8.24,329.762,8.59,11
2/28/2020,8:25,8.25,332.814,8.55,11
2/28/2020,8:26,8.26,335.844,8.58,12
2/28/2020,8:27,8.27,339.209,8.68,11
2/28/2020,8:28,8.28,342.452,8.78,11
2/28/2020,8:29,8.29,346.042,8.9,11
2/28/2020,8:30,8.3,349.323,9.08,12
2/28/2020,8:31,8.31,352.241,9.17,13
2/28/2020,8:32,8.32,355.271,9.2,11
2/28/2020,8:33,8.33,358.513,8.81,9
2/28/2020,8:34,8.34,361.957,8.57,9
2/28/2020,8:35,8.35,365.351,8.55,12
2/28/2020,8:36,8.36,368.64,8.7,12
2/28/2020,8:37,8.37,372.114,8.91,10
2/28/2020,8:38,8.38,375.174,8.97,11
2/28/2020,8:39,8.39,377.56,9.01,12
2/28/2020,8:40,8.4,380.82,9.05,12
2/28/2020,8:41,8.41,384.336,9.08,11
2/28/2020,8:42,8.42,387.484,9.06,9
2/28/2020,8:43,8.43,391.146,8.91,9
2/28/2020,8:44,8.44,394.503,8.75,11
2/28/2020,8:45,8.45,397.821,8.61,10
2/28/2020,8:46,8.46,401.116,8.58,10
2/28/2020,8:47,8.47,404.611,8.68,11
2/28/2020,8:48,8.48,407.811,8.95,11
2/28/2020,8:49,8.49,411.1,9.17,10
2/28/2020,8:50,8.5,414.194,9.35,10
2/28/2020,8:51,8.51,417.085,9.44,10
2/28/2020,8:52,8.52,419.865,9.55,11
2/28/2020,8:53,8.53,423.268,9.6,12
2/28/2020,8:54,8.54,426.678,9.48,10
2/28/2020,8:55,8.55,429.303,9.22,8
2/28/2020,8:56,8.56,432.07,8.94,11
2/28/2020,8:57,8.57,435.327,8.84,12
2/28/2020,8:58,8.58,438.404,8.87,12
2/28/2020,8:59,8.59,441.083,9.13,12
2/28/2020,9:00,9,444.411,9.42,12
2/28/2020,9:01,9.01,447.592,9.7,12
2/28/2020,9:02,9.02,451.375,9.9,13
2/28/2020,9:03,9.03,454.444,9.93,12
2/28/2020,9:04,9.04,457.102,9.87,11
2/28/2020,9:05,9.05,459.973,9.85,9
2/28/2020,9:06,9.06,463.104,9.8,9
2/28/2020,9:07,9.07,466.23,9.75,10
2/28/2020,9:08,9.08,469.024,9.73,10
2/28/2020,9:09,9.09,471.416,9.65,11
2/28/2020,9:10,9.1,473.751,9.59,12
2/28/2020,9:11,9.11,477.224,9.47,13
2/28/2020,9:12,9.12,480.224,9.53,12
2/28/2020,9:13,9.13,482.767,9.6,12
2/28/2020,9:14,9.14,485.65,9.86,13
2/28/2020,9:15,9.15,488.854,9.97,12
2/28/2020,9:16,9.16,491.777,9.97,12
2/28/2020,9:17,9.17,495.094,9.84,12
2/28/2020,9:18,9.18,497.96,9.62,12
2/28/2020,9:19,9.19,500.911,9.33,12
2/28/2020,9:20,9.2,504.625,9.15,12
2/28/2020,9:21,9.21,507.748,9.17,12
2/28/2020,9:22,9.22,509.866,9.03,13
2/28/2020,9:23,9.23,513.557,8.94,14
2/28/2020,9:24,9.24,517.111,9.01,14
2/28/2020,9:25,9.25,520.376,9.06,12
2/28/2020,9:26,9.26,523.089,9.23,14
2/28/2020,9:27,9.27,525.991,9.43,14
2/28/2020,9:28,9.28,528.329,9.61,14
2/28/2020,9:29,9.29,531.643,9.84,14
2/28/2020,9:30,9.3,533.77,10.09,16
2/28/2020,9:31,9.31,536.64,10.07,15
2/28/2020,9:32,9.32,539.467,9.8,14
2/28/2020,9:33,9.33,541.444,9.65,14
2/28/2020,9:34,9.34,543.844,9.5,12
2/28/2020,9:35,9.35,546.678,9.23,13
2/28/2020,9:36,9.36,549.222,9.09,13
2/28/2020,9:37,9.37,551.967,8.96,13
2/28/2020,9:38,9.38,554.648,8.9,14
2/28/2020,9:39,9.39,557.767,8.84,12
2/28/2020,9:40,9.4,560.945,8.86,11
2/28/2020,9:41,9.41,563.37,8.84,11
2/28/2020,9:42,9.42,566.009,8.82,12
2/28/2020,9:43,9.43,569.266,8.87,12
2/28/2020,9:44,9.44,571.919,9.2,9
2/28/2020,9:45,9.45,571.193,9.31,9
2/28/2020,9:46,9.46,576.759,9.3,12
2/28/2020,9:47,9.47,579.525,9.31,10
2/28/2020,9:48,9.48,582.261,9.2,9
2/28/2020,9:49,9.49,585.076,9.13,8
2/28/2020,9:50,9.5,587.538,9.09,8
2/28/2020,9:51,9.51,589.966,9.07,9
2/28/2020,9:52,9.52,592.536,9.03,10
2/28/2020,9:53,9.53,595.237,8.95,11
2/28/2020,9:54,9.54,598.541,8.96,10
2/28/2020,9:55,9.55,600.659,9.03,8
2/28/2020,9:56,9.56,603.258,9.06,9
2/28/2020,9:57,9.57,605.165,8.95,10
2/28/2020,9:58,9.58,606.811,8.88,8
2/28/2020,9:59,9.59,608.855,8.87,8
2/28/2020,10:00,10,610.786,8.9,8
2/28/2020,10:01,10.01,612.656,8.96,8
2/28/2020,10:02,10.02,614.71,9.02,6
2/28/2020,10:03,10.03,616.787,9.07,6
2/28/2020,10:04,10.04,618.962,9.08,7
2/28/2020,10:05,10.05,621.832,9.08,9
2/28/2020,10:06,10.06,623.677,9.06,9
2/28/2020,10:07,10.07,625.697,9.07,8
2/28/2020,10:08,10.08,627.952,9.14,8
2/28/2020,10:09,10.09,630.017,9.29,7
2/28/2020,10:10,10.1,632.526,9.35,7
2/28/2020,10:11,10.11,635.236,9.39,9
2/28/2020,10:12,10.12,636.954,9.46,10
2/28/2020,10:13,10.13,639.456,9.68,8
2/28/2020,10:14,10.14,641.432,9.82,7
2/28/2020,10:15,10.15,643.675,9.91,8
2/28/2020,10:16,10.16,645.829,10,8
2/28/2020,10:17,10.17,647.771,10.18,6
2/28/2020,10:18,10.18,650.125,10.3,8
2/28/2020,10:19,10.19,651.894,10.39,8
2/28/2020,10:20,10.2,653.956,10.25,8
2/28/2020,10:21,10.21,655.64,10.14,8
2/28/2020,10:22,10.22,657.899,10.2,8
2/28/2020,10:23,10.23,659.407,10.27,8
2/28/2020,10:24,10.24,661.31,10.34,8
2/28/2020,10:25,10.25,662.752,10.41,8
2/28/2020,10:26,10.26,665.249,10.67,9
2/28/2020,10:27,10.27,667.794,10.92,12
2/28/2020,10:28,10.28,669.084,11.18,11
2/28/2020,10:29,10.29,670.125,11.17,9
2/28/2020,10:30,10.3,672.339,10.99,9
2/28/2020,10:31,10.31,674.738,10.86,7
2/28/2020,10:32,10.32,675.859,10.84,10
2/28/2020,10:33,10.33,679.135,11.09,11
2/28/2020,10:34,10.34,680.695,11.25,12
2/28/2020,10:35,10.35,682.364,11.23,11
2/28/2020,10:36,10.36,683.848,11,9
2/28/2020,10:37,10.37,685.088,10.76,10
2/28/2020,10:38,10.38,686.274,10.68,12
2/28/2020,10:39,10.39,688.467,10.52,10
2/28/2020,10:40,10.4,690.675,10.4,8
2/28/2020,10:41,10.41,693.251,10.39,10
2/28/2020,10:42,10.42,695.203,10.75,11
2/28/2020,10:43,10.43,696.404,10.99,9
2/28/2020,10:44,10.44,698.371,10.87,8
2/28/2020,10:45,10.45,700.084,10.72,9
2/28/2020,10:46,10.46,701.024,10.58,9
2/28/2020,10:47,10.47,703.072,10.47,9
2/28/2020,10:48,10.48,705.266,10.58,10
2/28/2020,10:49,10.49,705.789,10.7,12
2/28/2020,10:50,10.5,707.033,10.72,12
2/28/2020,10:51,10.51,707.424,10.72,13
2/28/2020,10:52,10.52,709.115,10.7,15
2/28/2020,10:53,10.53,711.624,10.77,14
2/28/2020,10:54,10.54,714.165,11.09,15
2/28/2020,10:55,10.55,715.156,11.24,18
2/28/2020,10:56,10.56,716.515,10.96,18
2/28/2020,10:57,10.57,718.696,10.63,16
2/28/2020,10:58,10.58,720.411,10.45,15
2/28/2020,10:59,10.59,722.154,10.42,15
2/28/2020,11:00,11,723.684,10.45,15
2/28/2020,11:01,11.01,724.781,10.44,15
2/28/2020,11:02,11.02,726.627,10.38,15
2/28/2020,11:03,11.03,727.928,10.26,15
2/28/2020,11:04,11.04,729.578,10.22,13
2/28/2020,11:05,11.05,729.918,10.25,13
2/28/2020,11:06,11.06,730.538,10.28,13
2/28/2020,11:07,11.07,731.438,10.27,11
2/28/2020,11:08,11.08,732.324,10.26,10
2/28/2020,11:09,11.09,732.854,10.34,11
2/28/2020,11:10,11.1,734.69,10.52,11
2/28/2020,11:11,11.11,735.31,10.59,12
2/28/2020,11:12,11.12,735.226,10.58,13
2/28/2020,11:13,11.13,736.583,10.63,13
2/28/2020,11:14,11.14,738.063,10.66,13
2/28/2020,11:15,11.15,738.744,10.76,11
2/28/2020,11:16,11.16,739.629,11.13,11
2/28/2020,11:17,11.17,740.237,11.37,11
2/28/2020,11:18,11.18,741.909,11.37,13
2/28/2020,11:19,11.19,742.068,11.41,15
2/28/2020,11:20,11.2,743.298,11.68,13
2/28/2020,11:21,11.21,744.402,11.88,11
2/28/2020,11:22,11.22,745.047,11.97,11
2/28/2020,11:23,11.23,746.67,12.01,11
2/28/2020,11:24,11.24,746.907,11.97,13
2/28/2020,11:25,11.25,747.843,11.82,11
2/28/2020,11:26,11.26,749.048,11.78,9
2/28/2020,11:27,11.27,750.128,11.8,9
2/28/2020,11:28,11.28,751.337,11.85,10
2/28/2020,11:29,11.29,752.164,12.12,11
2/28/2020,11:30,11.3,752.929,12.44,10
2/28/2020,11:31,11.31,753.573,12.66,8
2/28/2020,11:32,11.32,753.876,12.73,8
2/28/2020,11:33,11.33,755.07,12.8,8
2/28/2020,11:34,11.34,756.156,12.93,8
2/28/2020,11:35,11.35,756.235,13.09,6
2/28/2020,11:36,11.36,756.98,13.21,6
2/28/2020,11:37,11.37,758.374,13.24,7
2/28/2020,11:38,11.38,759.313,13.33,9
2/28/2020,11:39,11.39,759.93,13.6,9
2/28/2020,11:40,11.4,760.279,13.8,9
2/28/2020,11:41,11.41,760.572,13.82,9
2/28/2020,11:42,11.42,761.539,13.77,9
2/28/2020,11:43,11.43,762.771,13.59,9
2/28/2020,11:44,11.44,763.615,13.52,10
2/28/2020,11:45,11.45,764.747,13.61,11
2/28/2020,11:46,11.46,765.615,13.66,11
2/28/2020,11:47,11.47,765.682,13.28,12
2/28/2020,11:48,11.48,765.946,12.81,12
2/28/2020,11:49,11.49,765.73,12.53,12
2/28/2020,11:50,11.5,766.967,12.35,11
2/28/2020,11:51,11.51,766.968,12.56,11
2/28/2020,11:52,11.52,767.033,12.93,11
2/28/2020,11:53,11.53,767.673,13.23,12
2/28/2020,11:54,11.54,768.869,13.56,13
2/28/2020,11:55,11.55,768.798,13.77,13
2/28/2020,11:56,11.56,768.292,13.89,12
2/28/2020,11:57,11.57,768.244,13.9,11
2/28/2020,11:58,11.58,768.425,14.04,9
2/28/2020,11:59,11.59,767.759,14.1,9
2/28/2020,12:00,12,767.591,14.24,11
2/28/2020,12:01,12.01,767.749,14.4,11
2/28/2020,12:02,12.02,769.478,14.3,9
2/28/2020,12:03,12.03,770.61,14.03,9
2/28/2020,12:04,12.04,769.776,13.62,9
2/28/2020,12:05,12.05,770.247,13.3,10
2/28/2020,12:06,12.06,771.412,13.09,9
2/28/2020,12:07,12.07,771.529,12.85,9
2/28/2020,12:08,12.08,771.224,12.71,9
2/28/2020,12:09,12.09,770.609,12.73,9
2/28/2020,12:10,12.1,771.042,12.58,8
2/28/2020,12:11,12.11,771.394,12.25,8
2/28/2020,12:12,12.12,771.79,12.04,10
2/28/2020,12:13,12.13,771.438,12.02,10
2/28/2020,12:14,12.14,771.034,12.15,13
2/28/2020,12:15,12.15,770.166,12.39,12
2/28/2020,12:16,12.16,769.043,12.6,12
2/28/2020,12:17,12.17,768.843,12.79,12
2/28/2020,12:18,12.18,768.614,12.92,10
2/28/2020,12:19,12.19,768.891,13.05,9
2/28/2020,12:20,12.2,767.406,13.14,10
2/28/2020,12:21,12.21,767.066,13.25,12
2/28/2020,12:22,12.22,767.138,13.29,14
2/28/2020,12:23,12.23,766.488,13.39,14
2/28/2020,12:24,12.24,767.434,13.53,12
2/28/2020,12:25,12.25,766.722,13.58,11
2/28/2020,12:26,12.26,766.172,13.61,10
2/28/2020,12:27,12.27,765.332,13.62,11
2/28/2020,12:28,12.28,765.073,13.61,12
2/28/2020,12:29,12.29,764.355,13.43,12
2/28/2020,12:30,12.3,763.417,13.29,12
2/28/2020,12:31,12.31,762.603,13.14,12
2/28/2020,12:32,12.32,762.216,13.02,12
2/28/2020,12:33,12.33,761.649,13.04,14
2/28/2020,12:34,12.34,761.725,13.03,14
2/28/2020,12:35,12.35,762.322,13.08,14
2/28/2020,12:36,12.36,762.059,13.28,13
2/28/2020,12:37,12.37,761.429,13.57,13
2/28/2020,12:38,12.38,760.721,13.8,13
2/28/2020,12:39,12.39,759.853,13.89,12
2/28/2020,12:40,12.4,759.432,13.97,11
2/28/2020,12:41,12.41,759.03,13.95,12
2/28/2020,12:42,12.42,758.96,13.98,13
2/28/2020,12:43,12.43,758.253,14,15
2/28/2020,12:44,12.44,757.628,14.08,14
2/28/2020,12:45,12.45,757.231,14.15,13
2/28/2020,12:46,12.46,756.66,14.19,13
2/28/2020,12:47,12.47,756.533,14.04,14
2/28/2020,12:48,12.48,755.826,13.7,13
2/28/2020,12:49,12.49,755.312,13.67,13
2/28/2020,12:50,12.5,754.072,13.8,12
2/28/2020,12:51,12.51,753.05,13.8,10
2/28/2020,12:52,12.52,752.311,13.83,9
2/28/2020,12:53,12.53,751.647,13.84,13
2/28/2020,12:54,12.54,750.528,13.89,14
2/28/2020,12:55,12.55,750.259,13.87,13
2/28/2020,12:56,12.56,749.632,13.86,12
2/28/2020,12:57,12.57,748.823,13.87,13
2/28/2020,12:58,12.58,748.318,13.82,13
2/28/2020,12:59,12.59,747.534,13.85,12
2/28/2020,13:00,13,746.526,13.97,12
2/28/2020,13:01,13.01,745.741,14.18,13
2/28/2020,13:02,13.02,744.515,14.28,13
2/28/2020,13:03,13.03,743.029,14.32,12
2/28/2020,13:04,13.04,741.885,14.28,11
2/28/2020,13:05,13.05,741.337,14.36,11
2/28/2020,13:06,13.06,740.361,14.4,11
2/28/2020,13:07,13.07,739.08,14.36,11
2/28/2020,13:08,13.08,737.133,14.3,10
2/28/2020,13:09,13.09,736.663,14.28,10
2/28/2020,13:10,13.1,735.226,14.24,8
2/28/2020,13:11,13.11,733.764,14.26,8
2/28/2020,13:12,13.12,733.084,14.34,10
2/28/2020,13:13,13.13,731.959,14.35,10
2/28/2020,13:14,13.14,730.628,14.44,8
2/28/2020,13:15,13.15,729.765,14.56,8
2/28/2020,13:16,13.16,728.608,14.64,10
2/28/2020,13:17,13.17,727.949,14.68,10
2/28/2020,13:18,13.18,727.127,14.67,11
2/28/2020,13:19,13.19,726.137,14.63,10
2/28/2020,13:20,13.2,724.497,14.63,10
2/28/2020,13:21,13.21,722.889,14.69,12
2/28/2020,13:22,13.22,720.788,14.75,13
2/28/2020,13:23,13.23,718.779,14.83,13
2/28/2020,13:24,13.24,717.386,14.82,10
2/28/2020,13:25,13.25,715.921,14.86,9
2/28/2020,13:26,13.26,714.287,14.93,10
2/28/2020,13:27,13.27,713.375,14.9,10
2/28/2020,13:28,13.28,712.166,14.91,8
2/28/2020,13:29,13.29,710.76,15,7
2/28/2020,13:30,13.3,709.666,15.06,7
2/28/2020,13:31,13.31,709.042,15.12,7
2/28/2020,13:32,13.32,707.891,15.18,7
2/28/2020,13:33,13.33,706.547,15.19,7
2/28/2020,13:34,13.34,705.366,14.96,9
2/28/2020,13:35,13.35,704.184,14.82,10
2/28/2020,13:36,13.36,702.365,14.73,10
2/28/2020,13:37,13.37,700.547,14.76,10
2/28/2020,13:38,13.38,698.168,14.82,10
2/28/2020,13:39,13.39,696.427,14.7,11
2/28/2020,13:40,13.4,694.942,14.6,11
2/28/2020,13:41,13.41,692.991,14.59,10
2/28/2020,13:42,13.42,691.45,14.57,8
2/28/2020,13:43,13.43,690.232,14.63,7
2/28/2020,13:44,13.44,688.618,14.76,7
2/28/2020,13:45,13.45,686.87,14.88,9
2/28/2020,13:46,13.46,685,14.77,8
2/28/2020,13:47,13.47,683.17,14.77,7
2/28/2020,13:48,13.48,681.038,14.82,6
2/28/2020,13:49,13.49,679.886,14.83,6
2/28/2020,13:50,13.5,678.767,14.88,8
2/28/2020,13:51,13.51,677.425,14.89,9
2/28/2020,13:52,13.52,675.873,14.91,7
2/28/2020,13:53,13.53,673.61,14.93,7
2/28/2020,13:54,13.54,671.634,15.06,7
2/28/2020,13:55,13.55,670.181,15.07,8
2/28/2020,13:56,13.56,668.759,14.88,9
2/28/2020,13:57,13.57,667.101,14.75,10
2/28/2020,13:58,13.58,665.12,14.65,8
2/28/2020,13:59,13.59,662.785,14.6,8
2/28/2020,14:00,14,661.387,14.58,8
2/28/2020,14:01,14.01,659.802,14.62,8
2/28/2020,14:02,14.02,657.84,14.63,8
2/28/2020,14:03,14.03,655.845,14.63,9
2/28/2020,14:04,14.04,653.999,14.65,10
2/28/2020,14:05,14.05,652.365,14.72,10
2/28/2020,14:06,14.06,650.383,14.85,7
2/28/2020,14:07,14.07,648.188,14.93,7
2/28/2020,14:08,14.08,646.111,15.01,9
2/28/2020,14:09,14.09,644.21,15.11,11
2/28/2020,14:10,14.1,641.727,15.17,12
2/28/2020,14:11,14.11,639.919,15.22,12
2/28/2020,14:12,14.12,638.092,15.27,12
2/28/2020,14:13,14.13,635.732,15.36,11
2/28/2020,14:14,14.14,633.33,15.39,12
2/28/2020,14:15,14.15,631.164,15.33,12
2/28/2020,14:16,14.16,628.323,15.27,10
2/28/2020,14:17,14.17,626.159,15.31,10
2/28/2020,14:18,14.18,624.236,15.35,11
2/28/2020,14:19,14.19,621.684,15.34,13
2/28/2020,14:20,14.2,619.338,15.39,12
2/28/2020,14:21,14.21,616.79,15.41,12
2/28/2020,14:22,14.22,614.785,15.38,11
2/28/2020,14:23,14.23,613.334,15.4,11
2/28/2020,14:24,14.24,611.532,15.48,10
2/28/2020,14:25,14.25,608.979,15.47,10
2/28/2020,14:26,14.26,606.558,15.42,9
2/28/2020,14:27,14.27,604.546,15.41,8
2/28/2020,14:28,14.28,602.676,15.41,8
2/28/2020,14:29,14.29,600.406,15.44,8
2/28/2020,14:30,14.3,598.001,15.48,7
2/28/2020,14:31,14.31,595.4,15.38,9
2/28/2020,14:32,14.32,592.838,15.2,10
2/28/2020,14:33,14.33,590.717,15.2,11
2/28/2020,14:34,14.34,588.289,15.21,11
2/28/2020,14:35,14.35,585.564,15.07,9
2/28/2020,14:36,14.36,583.132,14.88,9
2/28/2020,14:37,14.37,580.709,14.64,9
2/28/2020,14:38,14.38,578.219,14.22,10
2/28/2020,14:39,14.39,575.904,13.84,9
2/28/2020,14:40,14.4,573.09,13.62,11
2/28/2020,14:41,14.41,570.45,13.55,12
2/28/2020,14:42,14.42,567.777,13.61,10
2/28/2020,14:43,14.43,565.113,13.74,8
2/28/2020,14:44,14.44,562.358,13.82,7
2/28/2020,14:45,14.45,559.528,13.86,8
2/28/2020,14:46,14.46,555.598,13.94,9
2/28/2020,14:47,14.47,552.548,14.29,9
2/28/2020,14:48,14.48,549.885,14.49,9
2/28/2020,14:49,14.49,547.755,14.5,10
2/28/2020,14:50,14.5,545.44,14.61,10
2/28/2020,14:51,14.51,543.562,14.72,11
2/28/2020,14:52,14.52,541.22,14.75,13
2/28/2020,14:53,14.53,538.353,14.62,12
2/28/2020,14:54,14.54,535.783,14.44,11
2/28/2020,14:55,14.55,533.193,14.32,11
2/28/2020,14:56,14.56,530.67,14.19,11
2/28/2020,14:57,14.57,527.5,14.14,12
2/28/2020,14:58,14.58,524.81,14.16,11
2/28/2020,14:59,14.59,522.58,14.14,9
2/28/2020,15:00,15,520.005,14.09,9
2/28/2020,15:01,15.01,517.798,14.02,12
2/28/2020,15:02,15.02,515.468,13.9,12
2/28/2020,15:03,15.03,512.736,13.89,13
2/28/2020,15:04,15.04,509.818,13.95,11
2/28/2020,15:05,15.05,506.86,13.96,11
2/28/2020,15:06,15.06,504.137,13.97,10
2/28/2020,15:07,15.07,502.136,13.95,11
2/28/2020,15:08,15.08,499.018,13.92,11
2/28/2020,15:09,15.09,496.066,13.89,11
2/28/2020,15:10,15.1,492.85,13.89,11
2/28/2020,15:11,15.11,489.22,13.94,8
2/28/2020,15:12,15.12,485.682,14.06,5
2/28/2020,15:13,15.13,482.589,14.04,6
2/28/2020,15:14,15.14,480.069,13.98,6
2/28/2020,15:15,15.15,476.967,14.05,5
2/28/2020,15:16,15.16,473.373,14.08,7
2/28/2020,15:17,15.17,470.181,14.17,5
2/28/2020,15:18,15.18,466.629,14.37,4
2/28/2020,15:19,15.19,462.996,14.61,6
2/28/2020,15:20,15.2,459.639,14.67,6
2/28/2020,15:21,15.21,457.081,14.81,6
2/28/2020,15:22,15.22,454.105,15.07,6
2/28/2020,15:23,15.23,451.243,15.31,6
2/28/2020,15:24,15.24,448.168,15.31,4
2/28/2020,15:25,15.25,445.412,15.29,4
2/28/2020,15:26,15.26,442.658,15.46,4
2/28/2020,15:27,15.27,439.525,15.48,4
2/28/2020,15:28,15.28,435.769,15.58,6
2/28/2020,15:29,15.29,432.251,15.68,7
2/28/2020,15:30,15.3,429.011,15.46,7
2/28/2020,15:31,15.31,425.527,14.98,6
2/28/2020,15:32,15.32,422.288,14.68,7
2/28/2020,15:33,15.33,419.343,14.61,9
2/28/2020,15:34,15.34,416.105,14.63,10
2/28/2020,15:35,15.35,412.747,14.65,11
2/28/2020,15:36,15.36,409.991,14.62,11
2/28/2020,15:37,15.37,406.705,14.65,11
2/28/2020,15:38,15.38,403.636,14.75,9
2/28/2020,15:39,15.39,400.497,14.79,10
2/28/2020,15:40,15.4,397.408,14.61,10
2/28/2020,15:41,15.41,394.537,14.53,9
2/28/2020,15:42,15.42,391.038,14.54,8
2/28/2020,15:43,15.43,387.64,14.57,8
2/28/2020,15:44,15.44,384.458,14.49,7
2/28/2020,15:45,15.45,381.21,14.37,8
2/28/2020,15:46,15.46,378.29,14.33,7
2/28/2020,15:47,15.47,375.183,14.27,6
2/28/2020,15:48,15.48,371.628,14.19,6
2/28/2020,15:49,15.49,368.577,14.22,4
2/28/2020,15:50,15.5,365.193,14.3,4
2/28/2020,15:51,15.51,362.03,14.24,6
2/28/2020,15:52,15.52,358.979,14.06,4
2/28/2020,15:53,15.53,355.64,13.99,5
2/28/2020,15:54,15.54,351.92,14.09,5
2/28/2020,15:55,15.55,348.42,14.09,4
2/28/2020,15:56,15.56,345.454,14.12,4
2/28/2020,15:57,15.57,342.366,14.12,3
2/28/2020,15:58,15.58,339.24,14.07,2
2/28/2020,15:59,15.59,335.884,13.97,3
2/28/2020,16:00,16,332.367,13.89,4
2/28/2020,16:01,16.01,328.882,13.79,6
2/28/2020,16:02,16.02,325.566,13.76,6
2/28/2020,16:03,16.03,322.412,13.78,5
2/28/2020,16:04,16.04,319.015,13.85,6
2/28/2020,16:05,16.05,315.825,13.85,6
2/28/2020,16:06,16.06,312.323,13.81,6
2/28/2020,16:07,16.07,308.871,13.78,4
2/28/2020,16:08,16.08,305.563,13.81,4
2/28/2020,16:09,16.09,301.702,13.83,4
2/28/2020,16:10,16.1,298.138,13.83,4
2/28/2020,16:11,16.11,295.068,13.72,4
2/28/2020,16:12,16.12,292.184,13.55,5
2/28/2020,16:13,16.13,289.022,13.36,6
2/28/2020,16:14,16.14,285.699,13.33,4
2/28/2020,16:15,16.15,282.137,13.37,4
2/28/2020,16:16,16.16,278.894,13.39,5
2/28/2020,16:17,16.17,275.709,13.39,6
2/28/2020,16:18,16.18,272.294,13.45,8
2/28/2020,16:19,16.19,268.994,13.52,7
2/28/2020,16:20,16.2,265.739,13.68,6
2/28/2020,16:21,16.21,262.024,13.82,6
2/28/2020,16:22,16.22,258.861,13.88,8
2/28/2020,16:23,16.23,255.366,13.86,9
2/28/2020,16:24,16.24,252.015,13.76,9
2/28/2020,16:25,16.25,248.87,13.72,9
2/28/2020,16:26,16.26,245.387,13.71,9
2/28/2020,16:27,16.27,241.586,13.69,9
2/28/2020,16:28,16.28,238.299,13.65,8
2/28/2020,16:29,16.29,234.971,13.63,7
2/28/2020,16:30,16.3,231.648,13.64,9
2/28/2020,16:31,16.31,228.113,13.66,11
2/28/2020,16:32,16.32,224.557,13.68,14
2/28/2020,16:33,16.33,220.85,13.74,17
2/28/2020,16:34,16.34,217.437,13.73,16
2/28/2020,16:35,16.35,213.936,13.71,16
2/28/2020,16:36,16.36,210.472,13.7,17
2/28/2020,16:37,16.37,206.837,13.63,19
2/28/2020,16:38,16.38,203.264,13.6,20
2/28/2020,16:39,16.39,199.926,13.55,19
2/28/2020,16:40,16.4,196.837,13.48,16
2/28/2020,16:41,16.41,192.118,13.38,14
2/28/2020,16:42,16.42,190.281,13.34,12
2/28/2020,16:43,16.43,187.599,13.31,11
2/28/2020,16:44,16.44,183.62,13.32,10
2/28/2020,16:45,16.45,179.693,13.33,10
2/28/2020,16:46,16.46,172.384,13.31,8
2/28/2020,16:47,16.47,173.476,13.32,9
2/28/2020,16:48,16.48,167.749,13.34,8
2/28/2020,16:49,16.49,157.993,13.34,6
2/28/2020,16:50,16.5,161.306,13.36,7
2/28/2020,16:51,16.51,158.254,13.4,6
2/28/2020,16:52,16.52,155.731,13.4,5
2/28/2020,16:53,16.53,152.317,13.28,6
2/28/2020,16:54,16.54,149.61,13.16,7
2/28/2020,16:55,16.55,145.864,13.12,5
2/28/2020,16:56,16.56,143.128,13.11,4
2/28/2020,16:57,16.57,139.994,13.09,5
2/28/2020,16:58,16.58,136.503,13.09,6
2/28/2020,16:59,16.59,133.015,13.06,7
2/28/2020,17:00,17,129.767,13.06,7
2/28/2020,17:01,17.01,126.535,12.95,6
2/28/2020,17:02,17.02,123.417,12.82,6
2/28/2020,17:03,17.03,120.298,12.72,6
2/28/2020,17:04,17.04,117.116,12.59,6
2/28/2020,17:05,17.05,109.972,12.51,6
2/28/2020,17:06,17.06,104.953,12.42,6
2/28/2020,17:07,17.07,101.581,12.32,6
2/28/2020,17:08,17.08,101.405,12.27,6
2/28/2020,17:09,17.09,95.0218,12.22,5
2/28/2020,17:10,17.1,88.0125,12.17,5
2/28/2020,17:11,17.11,80.6212,12.1,4
2/28/2020,17:12,17.12,69.9663,12.06,3
2/28/2020,17:13,17.13,67.0567,12.06,3
2/28/2020,17:14,17.14,51.7118,12.04,3
2/28/2020,17:15,17.15,44.5015,11.98,1
2/28/2020,17:16,17.16,48.7435,11.87,2
2/28/2020,17:17,17.17,46.8493,11.76,2
2/28/2020,17:18,17.18,51.7925,11.68,2
2/28/2020,17:19,17.19,61.3754,11.6,3
2/28/2020,17:20,17.2,62.079,11.56,4
2/28/2020,17:21,17.21,55.6732,11.57,2
2/28/2020,17:22,17.22,53.1927,11.58,3
2/28/2020,17:23,17.23,48.7537,11.56,3
2/28/2020,17:24,17.24,41.4609,11.55,3
2/28/2020,17:25,17.25,29.852,11.51,2
2/28/2020,17:26,17.26,21.2263,11.35,1
2/28/2020,17:27,17.27,19.048,11.22,1
2/28/2020,17:28,17.28,17.9932,11.09,1
2/28/2020,17:29,17.29,17.1236,10.96,1
2/28/2020,17:30,17.3,16.3323,10.86,1
2/28/2020,17:31,17.31,15.5066,10.75,1
2/28/2020,17:32,17.32,14.6924,10.66,1
2/28/2020,17:33,17.33,13.9573,10.54,-1
2/28/2020,17:34,17.34,13.2102,10.45,-1
2/28/2020,17:35,17.35,12.4154,10.36,-1
2/28/2020,17:36,17.36,11.6679,10.26,-1
2/28/2020,17:37,17.37,10.9447,10.16,-1
2/28/2020,17:38,17.38,10.2339,10.08,-1
2/28/2020,17:39,17.39,9.57479,10.01,-1
2/28/2020,17:40,17.4,8.94655,9.93,-1
2/28/2020,17:41,17.41,8.36948,9.9,-1
2/28/2020,17:42,17.42,7.75266,9.85,-1
2/28/2020,17:43,17.43,7.1566,9.77,-1
2/28/2020,17:44,17.44,6.56917,9.71,-1
2/28/2020,17:45,17.45,5.99285,9.64,-1
2/28/2020,17:46,17.46,5.42803,9.61,-1
2/28/2020,17:47,17.47,4.92277,9.61,-1
2/28/2020,17:48,17.48,4.39679,9.6,-1
2/28/2020,17:49,17.49,3.92902,9.56,-1
2/29/2020,6:37,6.37,1.63365,3.417,-1
2/29/2020,6:38,6.38,2.00962,3.208,-1
2/29/2020,6:39,6.39,2.38665,3.113,-1
2/29/2020,6:40,6.4,2.81357,2.989,-1
2/29/2020,6:41,6.41,3.24496,2.86,-1
2/29/2020,6:42,6.42,3.79324,2.875,-1
2/29/2020,6:43,6.43,4.47041,3.011,-1
2/29/2020,6:44,6.44,5.27048,2.87,-1
2/29/2020,6:45,6.45,6.28149,2.66,-1
2/29/2020,6:46,6.46,6.56461,2.523,-1
2/29/2020,6:47,6.47,6.74326,2.586,-1
2/29/2020,6:48,6.48,7.19986,2.722,-1
2/29/2020,6:49,6.49,7.64733,2.757,-1
2/29/2020,6:50,6.5,8.09482,2.707,-1
2/29/2020,6:51,6.51,8.55114,2.844,-1
2/29/2020,6:52,6.52,9.03309,2.971,-1
2/29/2020,6:53,6.53,9.50924,3.158,-1
2/29/2020,6:54,6.54,10.0109,3.292,-1
2/29/2020,6:55,6.55,10.5276,3.22,-1
2/29/2020,6:56,6.56,11.0403,2.987,5
2/29/2020,6:57,6.57,11.576,2.686,7
2/29/2020,6:58,6.58,12.0934,2.489,7
2/29/2020,6:59,6.59,12.6445,2.467,9
2/29/2020,7:00,7,13.2465,2.658,12
2/29/2020,7:01,7.01,13.8607,2.992,14
2/29/2020,7:02,7.02,14.5145,3.353,17
2/29/2020,7:03,7.03,15.1982,3.503,21
2/29/2020,7:04,7.04,15.8743,3.643,25
2/29/2020,7:05,7.05,16.6035,3.669,29
2/29/2020,7:06,7.06,17.3823,3.753,36
2/29/2020,7:07,7.07,18.2096,3.704,42
2/29/2020,7:08,7.08,19.1482,3.502,47
2/29/2020,7:09,7.09,20.1402,3.419,54
2/29/2020,7:10,7.1,21.1789,3.381,62
2/29/2020,7:11,7.11,22.2603,3.393,67
2/29/2020,7:12,7.12,23.3736,3.631,70
2/29/2020,7:13,7.13,24.4792,3.849,73
2/29/2020,7:14,7.14,25.5307,3.875,77
2/29/2020,7:15,7.15,26.6128,3.738,79
2/29/2020,7:16,7.16,27.7182,3.627,82
2/29/2020,7:17,7.17,28.8487,3.767,82
2/29/2020,7:18,7.18,29.9951,3.861,84
2/29/2020,7:19,7.19,31.1659,3.853,85
2/29/2020,7:20,7.2,32.2927,3.851,86
2/29/2020,7:21,7.21,33.4275,3.834,88
2/29/2020,7:22,7.22,34.5806,3.824,88
2/29/2020,7:23,7.23,35.7807,3.82,88
2/29/2020,7:24,7.24,37.073,3.85,90
2/29/2020,7:25,7.25,38.4214,3.974,91
2/29/2020,7:26,7.26,39.7829,4.185,90
2/29/2020,7:27,7.27,41.1198,4.26,92
2/29/2020,7:28,7.28,42.3551,4.298,90
2/29/2020,7:29,7.29,43.4958,4.279,91
2/29/2020,7:30,7.3,44.4926,4.374,91
2/29/2020,7:31,7.31,45.2822,4.574,91
2/29/2020,7:32,7.32,45.9301,4.84,92
2/29/2020,7:33,7.33,46.428,5.119,92
2/29/2020,7:34,7.34,46.8708,5.366,92
2/29/2020,7:35,7.35,47.3456,5.462,92
2/29/2020,7:36,7.36,47.9333,5.478,92
2/29/2020,7:37,7.37,48.5001,5.462,93
2/29/2020,7:38,7.38,48.991,5.372,92
2/29/2020,7:39,7.39,49.4469,5.262,93
2/29/2020,7:40,7.4,49.721,5.275,93
2/29/2020,7:41,7.41,49.9911,5.371,93
2/29/2020,7:42,7.42,50.2142,5.436,92
2/29/2020,7:43,7.43,50.4213,5.469,93
2/29/2020,7:44,7.44,50.6309,5.454,93
2/29/2020,7:45,7.45,50.8561,5.424,94
2/29/2020,7:46,7.46,51.0919,5.284,93
2/29/2020,7:47,7.47,51.4028,5.259,93
2/29/2020,7:48,7.48,51.7787,5.35,94
2/29/2020,7:49,7.49,52.1352,5.421,94
2/29/2020,7:50,7.5,52.4763,5.49,94
2/29/2020,7:51,7.51,52.8205,5.503,94
2/29/2020,7:52,7.52,53.2784,5.5,94
2/29/2020,7:53,7.53,53.6996,5.482,94
2/29/2020,7:54,7.54,54.1994,5.47,95
2/29/2020,7:55,7.55,54.9217,5.493,94
2/29/2020,7:56,7.56,55.5609,5.539,94
2/29/2020,7:57,7.57,56.1095,5.579,94
2/29/2020,7:58,7.58,56.6582,5.639,94
2/29/2020,7:59,7.59,57.144,5.638,95
2/29/2020,8:00,8,57.5577,5.56,94
2/29/2020,8:01,8.01,57.7885,5.488,94
2/29/2020,8:02,8.02,57.8508,5.324,94
2/29/2020,8:03,8.03,57.8325,5.101,94
2/29/2020,8:04,8.04,57.8319,5.002,95
2/29/2020,8:05,8.05,57.8313,4.964,94
2/29/2020,8:06,8.06,57.8532,5.029,95
2/29/2020,8:07,8.07,58.0271,5.264,95
2/29/2020,8:08,8.08,58.2364,5.427,95
2/29/2020,8:09,8.09,58.5138,5.622,95
2/29/2020,8:10,8.1,58.8227,5.8,95
2/29/2020,8:11,8.11,59.0761,5.889,96
2/29/2020,8:12,8.12,59.3962,5.87,95
2/29/2020,8:13,8.13,59.7632,5.855,95
2/29/2020,8:14,8.14,60.1416,5.861,95
2/29/2020,8:15,8.15,60.6293,5.834,95
2/29/2020,8:16,8.16,61.1428,5.815,96
2/29/2020,8:17,8.17,61.6793,5.918,96
2/29/2020,8:18,8.18,62.1916,5.961,96
2/29/2020,8:19,8.19,62.8494,5.94,95
2/29/2020,8:20,8.2,63.4437,5.946,95
2/29/2020,8:21,8.21,64.0278,6.01,95
2/29/2020,8:22,8.22,64.6231,6.061,96
2/29/2020,8:23,8.23,65.1707,6.046,95
2/29/2020,8:24,8.24,65.6487,5.98,95
2/29/2020,8:25,8.25,66.0725,5.965,95
2/29/2020,8:26,8.26,66.5103,5.948,95
2/29/2020,8:27,8.27,66.9961,5.962,95
2/29/2020,8:28,8.28,67.5447,5.979,96
2/29/2020,8:29,8.29,68.0779,6.061,95
2/29/2020,8:30,8.3,68.5912,6.128,96
2/29/2020,8:31,8.31,69.0681,6.174,95
2/29/2020,8:32,8.32,69.5659,6.176,96
2/29/2020,8:33,8.33,70.1229,6.162,96
2/29/2020,8:34,8.34,70.6715,6.188,96
2/29/2020,8:35,8.35,71.2513,6.086,96
2/29/2020,8:36,8.36,71.89,6.165,96
2/29/2020,8:37,8.37,72.5245,6.249,96
2/29/2020,8:38,8.38,73.2175,6.267,96
2/29/2020,8:39,8.39,73.9824,6.369,96
2/29/2020,8:40,8.4,74.7278,6.434,96
2/29/2020,8:41,8.41,75.4183,6.448,97
2/29/2020,8:42,8.42,76.1516,6.479,96
2/29/2020,8:43,8.43,76.9248,6.504,96
2/29/2020,8:44,8.44,77.6893,6.518,96
2/29/2020,8:45,8.45,78.3241,6.547,97
2/29/2020,8:46,8.46,79.0418,6.549,96
2/29/2020,8:47,8.47,79.9406,6.586,95
2/29/2020,8:48,8.48,80.8,6.629,96
2/29/2020,8:49,8.49,81.5566,6.698,96
2/29/2020,8:50,8.5,82.3118,6.789,96
2/29/2020,8:51,8.51,83.1364,6.802,97
2/29/2020,8:52,8.52,84.0067,6.901,96
2/29/2020,8:53,8.53,84.8428,7.021,96
2/29/2020,8:54,8.54,85.7973,7.06,96
2/29/2020,8:55,8.55,86.7755,7.172,96
2/29/2020,8:56,8.56,87.7305,7.219,96
2/29/2020,8:57,8.57,88.4804,7.213,96
2/29/2020,8:58,8.58,88.98,7.118,97
2/29/2020,8:59,8.59,89.3747,7.114,96
2/29/2020,9:00,9,89.8115,7.231,96
2/29/2020,9:01,9.01,90.2301,7.215,97
2/29/2020,9:02,9.02,90.7151,7.214,96
2/29/2020,9:03,9.03,91.1538,7.214,96
2/29/2020,9:04,9.04,91.5602,7.228,97
2/29/2020,9:05,9.05,91.9666,7.237,96
2/29/2020,9:06,9.06,92.4091,7.221,97
2/29/2020,9:07,9.07,92.9019,7.3,97
2/29/2020,9:08,9.08,93.3994,7.304,97
2/29/2020,9:09,9.09,94.2798,7.299,96
2/29/2020,9:10,9.1,95.353,7.427,97
2/29/2020,9:11,9.11,96.4617,7.507,97
2/29/2020,9:12,9.12,97.7134,7.488,96
2/29/2020,9:13,9.13,98.9551,7.49,96
2/29/2020,9:14,9.14,100.398,7.482,97
2/29/2020,9:15,9.15,101.813,7.481,97
2/29/2020,9:16,9.16,103.237,7.408,96
2/29/2020,9:17,9.17,104.628,7.156,97
2/29/2020,9:18,9.18,105.793,7.01,97
2/29/2020,9:19,9.19,106.867,7.033,97
2/29/2020,9:20,9.2,107.792,7.087,96
2/29/2020,9:21,9.21,108.44,7.086,96
2/29/2020,9:22,9.22,108.951,7.087,96
2/29/2020,9:23,9.23,109.589,7.092,97
2/29/2020,9:24,9.24,110.223,7.097,96
2/29/2020,9:25,9.25,110.901,6.908,97
2/29/2020,9:26,9.26,111.793,6.761,97
2/29/2020,9:27,9.27,112.759,6.766,97
2/29/2020,9:28,9.28,113.8,6.65,96
2/29/2020,9:29,9.29,114.842,6.649,97
2/29/2020,9:30,9.3,115.82,6.719,97
2/29/2020,9:31,9.31,116.499,6.91,97
2/29/2020,9:32,9.32,117.125,6.944,97
2/29/2020,9:33,9.33,117.718,6.894,97
2/29/2020,9:34,9.34,118.14,6.924,97
2/29/2020,9:35,9.35,118.644,6.997,97
2/29/2020,9:36,9.36,119.29,7.117,97
2/29/2020,9:37,9.37,120.212,7.231,98
2/29/2020,9:38,9.38,121.165,7.334,97
2/29/2020,9:39,9.39,122.314,7.479,97
2/29/2020,9:40,9.4,123.605,7.564,98
2/29/2020,9:41,9.41,124.959,7.659,97
2/29/2020,9:42,9.42,126.225,7.775,98
2/29/2020,9:43,9.43,127.599,7.84,97
2/29/2020,9:44,9.44,129.055,7.804,98
2/29/2020,9:45,9.45,130.247,7.737,98
2/29/2020,9:46,9.46,131.106,7.607,98
2/29/2020,9:47,9.47,131.848,7.552,98
2/29/2020,9:48,9.48,132.311,7.56,98
2/29/2020,9:49,9.49,132.644,7.653,98
2/29/2020,9:50,9.5,133.034,7.744,98
2/29/2020,9:51,9.51,133.38,7.787,98
2/29/2020,9:52,9.52,133.709,7.807,98
2/29/2020,9:53,9.53,134.15,7.845,98
2/29/2020,9:54,9.54,134.372,7.833,98
2/29/2020,9:55,9.55,134.523,7.804,98
2/29/2020,9:56,9.56,134.631,7.785,98
2/29/2020,9:57,9.57,134.811,7.764,98
2/29/2020,9:58,9.58,135.098,7.787,98
2/29/2020,9:59,9.59,135.307,7.771,98
2/29/2020,10:00,10,135.666,7.781,98
2/29/2020,10:01,10.01,136.025,7.829,98
2/29/2020,10:02,10.02,136.462,7.878,98
2/29/2020,10:03,10.03,136.572,7.921,98
2/29/2020,10:04,10.04,136.41,8.01,97
2/29/2020,10:05,10.05,136.143,8.06,98
2/29/2020,10:06,10.06,135.899,8.08,98
2/29/2020,10:07,10.07,135.798,8.15,98
2/29/2020,10:08,10.08,135.736,8.24,97
2/29/2020,10:09,10.09,135.579,8.32,98
2/29/2020,10:10,10.1,135.288,8.3,98
2/29/2020,10:11,10.11,134.835,8.3,97
2/29/2020,10:12,10.12,134.464,8.32,97
2/29/2020,10:13,10.13,134.047,8.35,98
2/29/2020,10:14,10.14,133.614,8.46,98
2/29/2020,10:15,10.15,133.329,8.56,98
2/29/2020,10:16,10.16,133.149,8.63,97
2/29/2020,10:17,10.17,132.962,8.68,98
2/29/2020,10:18,10.18,132.707,8.7,98
2/29/2020,10:19,10.19,132.634,8.7,98
2/29/2020,10:20,10.2,132.669,8.62,98
2/29/2020,10:21,10.21,132.842,8.53,98
2/29/2020,10:22,10.22,133.222,8.46,98
2/29/2020,10:23,10.23,133.765,8.45,97
2/29/2020,10:24,10.24,134.38,8.43,97
2/29/2020,10:25,10.25,135.24,8.45,97
2/29/2020,10:26,10.26,136.069,8.4,97
2/29/2020,10:27,10.27,136.928,8.33,98
2/29/2020,10:28,10.28,137.89,8.3,98
2/29/2020,10:29,10.29,138.793,8.18,97
2/29/2020,10:30,10.3,139.533,8.1,98
2/29/2020,10:31,10.31,140.095,8.03,97
2/29/2020,10:32,10.32,140.53,7.957,98
2/29/2020,10:33,10.33,140.934,7.916,98
2/29/2020,10:34,10.34,141.168,7.839,97
2/29/2020,10:35,10.35,141.119,7.813,97
2/29/2020,10:36,10.36,141.038,7.765,97
2/29/2020,10:37,10.37,140.875,7.636,97
2/29/2020,10:38,10.38,140.589,7.556,97
2/29/2020,10:39,10.39,140.075,7.493,97
2/29/2020,10:40,10.4,139.506,7.422,97
2/29/2020,10:41,10.41,138.993,7.353,97
2/29/2020,10:42,10.42,138.636,7.32,97
2/29/2020,10:43,10.43,138.39,7.271,97
2/29/2020,10:44,10.44,138.085,7.217,97
2/29/2020,10:45,10.45,137.702,7.16,96
2/29/2020,10:46,10.46,137.161,7.134,97
2/29/2020,10:47,10.47,136.695,7.104,96
2/29/2020,10:48,10.48,136.429,7.071,97
2/29/2020,10:49,10.49,135.975,7.044,97
2/29/2020,10:50,10.5,135.312,7.046,96
2/29/2020,10:51,10.51,134.586,7.033,96
2/29/2020,10:52,10.52,133.84,7.075,97
2/29/2020,10:53,10.53,133.011,7.077,96
2/29/2020,10:54,10.54,132.199,7.086,96
2/29/2020,10:55,10.55,131.363,7.067,96
2/29/2020,10:56,10.56,130.613,7.08,96
2/29/2020,10:57,10.57,130.022,7.089,96
2/29/2020,10:58,10.58,129.588,7.111,96
2/29/2020,10:59,10.59,129.185,7.143,95
2/29/2020,11:00,11,128.786,7.15,95
2/29/2020,11:01,11.01,128.545,7.175,96
2/29/2020,11:02,11.02,128.339,7.149,96
2/29/2020,11:03,11.03,128.303,7.149,96
2/29/2020,11:04,11.04,128.461,7.177,96
2/29/2020,11:05,11.05,128.852,7.184,95
2/29/2020,11:06,11.06,129.344,7.212,95
2/29/2020,11:07,11.07,130.061,7.246,96
2/29/2020,11:08,11.08,130.906,7.257,95
2/29/2020,11:09,11.09,131.968,7.29,95
2/29/2020,11:10,11.1,133.163,7.325,96
2/29/2020,11:11,11.11,134.327,7.402,96
2/29/2020,11:12,11.12,135.513,7.454,95
2/29/2020,11:13,11.13,136.754,7.478,95
2/29/2020,11:14,11.14,137.953,7.509,95
2/29/2020,11:15,11.15,139.073,7.513,96
2/29/2020,11:16,11.16,140.343,7.549,95
2/29/2020,11:17,11.17,141.811,7.575,95
2/29/2020,11:18,11.18,143.381,7.575,95
2/29/2020,11:19,11.19,144.8,7.59,96
2/29/2020,11:20,11.2,146.254,7.625,95
2/29/2020,11:21,11.21,147.756,7.662,96
2/29/2020,11:22,11.22,149.163,7.67,95
2/29/2020,11:23,11.23,150.649,7.671,95
2/29/2020,11:24,11.24,152.013,7.649,96
2/29/2020,11:25,11.25,153.536,7.58,95
2/29/2020,11:26,11.26,155.208,7.506,95
2/29/2020,11:27,11.27,156.826,7.505,95
2/29/2020,11:28,11.28,158.599,7.517,96
2/29/2020,11:29,11.29,160.329,7.519,96
2/29/2020,11:30,11.3,162.111,7.548,96
2/29/2020,11:31,11.31,163.939,7.568,95
2/29/2020,11:32,11.32,165.729,7.597,95
2/29/2020,11:33,11.33,167.674,7.606,95
2/29/2020,11:34,11.34,169.43,7.577,96
2/29/2020,11:35,11.35,170.905,7.562,96
2/29/2020,11:36,11.36,172.459,7.562,95
2/29/2020,11:37,11.37,174.147,7.625,96
2/29/2020,11:38,11.38,175.96,7.693,95
2/29/2020,11:39,11.39,177.955,7.733,95
2/29/2020,11:40,11.4,179.985,7.793,95
2/29/2020,11:41,11.41,181.944,7.807,94
2/29/2020,11:42,11.42,183.58,7.808,95
2/29/2020,11:43,11.43,185,7.879,94
2/29/2020,11:44,11.44,186.213,7.946,95
2/29/2020,11:45,11.45,187.424,7.978,94
2/29/2020,11:46,11.46,188.615,8.01,94
2/29/2020,11:47,11.47,190.044,8.04,94
2/29/2020,11:48,11.48,191.975,8.08,94
2/29/2020,11:49,11.49,194.202,8.11,94
2/29/2020,11:50,11.5,196.783,8.11,94
2/29/2020,11:51,11.51,199.345,8.13,94
2/29/2020,11:52,11.52,201.332,8.17,94
2/29/2020,11:53,11.53,202.401,8.18,94
2/29/2020,11:54,11.54,203.114,8.21,94
2/29/2020,11:55,11.55,203.753,8.22,94
2/29/2020,11:56,11.56,204.403,8.26,94
2/29/2020,11:57,11.57,205.506,8.28,93
2/29/2020,11:58,11.58,206.681,8.29,93
2/29/2020,11:59,11.59,207.751,8.34,93
2/29/2020,12:00,12,208.504,8.36,93
2/29/2020,12:01,12.01,208.904,8.45,93
2/29/2020,12:02,12.02,209.357,8.45,93
2/29/2020,12:03,12.03,209.953,8.48,92
2/29/2020,12:04,12.04,210.327,8.52,93
2/29/2020,12:05,12.05,210.648,8.56,93
2/29/2020,12:06,12.06,211.304,8.59,92
2/29/2020,12:07,12.07,212.322,8.57,92
2/29/2020,12:08,12.08,213.802,8.6,92
2/29/2020,12:09,12.09,215.558,8.58,92
2/29/2020,12:10,12.1,217.655,8.59,92
2/29/2020,12:11,12.11,219.82,8.62,91
2/29/2020,12:12,12.12,221.626,8.69,92
2/29/2020,12:13,12.13,223.794,8.78,92
2/29/2020,12:14,12.14,226.724,8.82,92
2/29/2020,12:15,12.15,229.854,8.84,92
2/29/2020,12:16,12.16,232.483,8.91,92
2/29/2020,12:17,12.17,234.826,8.97,91
2/29/2020,12:18,12.18,236.877,8.96,92
2/29/2020,12:19,12.19,238.865,8.95,91
2/29/2020,12:20,12.2,240.632,8.96,91
2/29/2020,12:21,12.21,242.425,8.91,91
2/29/2020,12:22,12.22,244.058,8.89,91
2/29/2020,12:23,12.23,245.482,8.9,91
2/29/2020,12:24,12.24,247.067,8.99,91
2/29/2020,12:25,12.25,248.174,9.04,91
2/29/2020,12:26,12.26,249.069,9.1,90
2/29/2020,12:27,12.27,250.471,9.11,90
2/29/2020,12:28,12.28,251.958,9.15,90
2/29/2020,12:29,12.29,253.234,9.18,90
2/29/2020,12:30,12.3,254.127,9.18,90
2/29/2020,12:31,12.31,255.406,9.12,90
2/29/2020,12:32,12.32,257.022,9.1,90
2/29/2020,12:33,12.33,258.925,9.12,90
2/29/2020,12:34,12.34,261.897,9.11,90
2/29/2020,12:35,12.35,265.386,9.13,89
2/29/2020,12:36,12.36,269.405,9.14,89
2/29/2020,12:37,12.37,275.014,9.1,90
2/29/2020,12:38,12.38,285.806,9.04,90
2/29/2020,12:39,12.39,348.755,8.96,89
2/29/2020,12:40,12.4,619.804,8.99,89
2/29/2020,12:41,12.41,776.275,9.15,90
2/29/2020,12:42,12.42,804.661,9.41,90
2/29/2020,12:43,12.43,898.711,9.72,91
2/29/2020,12:44,12.44,898.829,10.08,91
2/29/2020,12:45,12.45,840.752,10.3,90
2/29/2020,12:46,12.46,749.787,10.46,91
2/29/2020,12:47,12.47,577.294,10.68,89
2/29/2020,12:48,12.48,636.908,10.93,89
2/29/2020,12:49,12.49,427.796,11.18,89
2/29/2020,12:50,12.5,516.912,11.37,89
2/29/2020,12:51,12.51,688.753,11.51,89
2/29/2020,12:52,12.52,827.021,11.66,90
2/29/2020,12:53,12.53,858.643,11.9,91
2/29/2020,12:54,12.54,879.703,12.13,91
2/29/2020,12:55,12.55,831.619,12.18,91
2/29/2020,12:56,12.56,786.609,12.2,90
2/29/2020,12:57,12.57,823.137,12.33,90
2/29/2020,12:58,12.58,877.929,12.4,89
2/29/2020,12:59,12.59,887.236,12.4,88
2/29/2020,13:00,13,898.257,12.44,89
2/29/2020,13:01,13.01,913.375,12.58,90
2/29/2020,13:02,13.02,942.602,12.65,90
2/29/2020,13:03,13.03,905.695,12.63,90
2/29/2020,13:04,13.04,917.388,12.77,90
2/29/2020,13:05,13.05,949.791,12.8,91
2/29/2020,13:06,13.06,991.33,12.84,91
2/29/2020,13:07,13.07,938.659,12.93,91
2/29/2020,13:08,13.08,645.361,12.74,87
2/29/2020,13:09,13.09,921.752,12.61,88
2/29/2020,13:10,13.1,858.652,12.74,88
2/29/2020,13:11,13.11,997.525,12.84,90
2/29/2020,13:12,13.12,994.667,12.98,90
2/29/2020,13:13,13.13,992.67,13.06,90
2/29/2020,13:14,13.14,977.588,13.12,89
2/29/2020,13:15,13.15,946.664,13.08,89
2/29/2020,13:16,13.16,972.296,13.02,89
2/29/2020,13:17,13.17,978.197,12.99,88
2/29/2020,13:18,13.18,922.174,13.1,88
2/29/2020,13:19,13.19,680.872,13.12,83
2/29/2020,13:20,13.2,765.847,13.11,82
2/29/2020,13:21,13.21,983.45,13.21,84
2/29/2020,13:22,13.22,970.193,13.39,83
2/29/2020,13:23,13.23,952.874,13.56,80
2/29/2020,13:24,13.24,933.87,13.7,78
2/29/2020,13:25,13.25,894.085,13.82,77
2/29/2020,13:26,13.26,902.688,13.84,75
2/29/2020,13:27,13.27,867.264,13.76,74
2/29/2020,13:28,13.28,821.347,13.69,70
2/29/2020,13:29,13.29,862.96,13.72,69
2/29/2020,13:30,13.3,819.24,13.85,69
2/29/2020,13:31,13.31,814.816,13.88,66
2/29/2020,13:32,13.32,866.938,13.87,66
2/29/2020,13:33,13.33,890.44,13.83,65
2/29/2020,13:34,13.34,881.344,13.71,64
2/29/2020,13:35,13.35,874.362,13.8,63
2/29/2020,13:36,13.36,868.409,13.89,61
2/29/2020,13:37,13.37,864.98,13.98,60
2/29/2020,13:38,13.38,860.042,14.05,62
2/29/2020,13:39,13.39,849.835,14.06,63
2/29/2020,13:40,13.4,841.491,13.84,62
2/29/2020,13:41,13.41,833.982,13.38,59
2/29/2020,13:42,13.42,827.153,13.08,58
2/29/2020,13:43,13.43,820.461,13.02,59
2/29/2020,13:44,13.44,818.747,13.05,59
2/29/2020,13:45,13.45,815.902,13.17,58
2/29/2020,13:46,13.46,812.629,13.3,57
2/29/2020,13:47,13.47,750.318,13.53,57
2/29/2020,13:48,13.48,748.273,13.71,53
2/29/2020,13:49,13.49,773.243,13.81,53
2/29/2020,13:50,13.5,692.384,13.78,51
2/29/2020,13:51,13.51,736.473,13.42,48
2/29/2020,13:52,13.52,775.607,13.18,51
2/29/2020,13:53,13.53,772.928,13.12,49
2/29/2020,13:54,13.54,773.294,13.29,49
2/29/2020,13:55,13.55,769.795,13.38,47
2/29/2020,13:56,13.56,766.628,13.37,47
2/29/2020,13:57,13.57,763.446,13.45,47
2/29/2020,13:58,13.58,760.775,13.49,46
2/29/2020,13:59,13.59,758.721,13.39,46
2/29/2020,14:00,14,756.319,13.3,46
2/29/2020,14:01,14.01,752.6,13.28,44
2/29/2020,14:02,14.02,750.47,13.14,44
2/29/2020,14:03,14.03,747.646,13.1,45
2/29/2020,14:04,14.04,745.783,13.25,46
2/29/2020,14:05,14.05,745.46,13.49,46
2/29/2020,14:06,14.06,735.183,13.72,48
2/29/2020,14:07,14.07,744.302,13.5,49
2/29/2020,14:08,14.08,745.792,13.46,50
2/29/2020,14:09,14.09,746.994,13.76,50
2/29/2020,14:10,14.1,747.515,13.89,51
2/29/2020,14:11,14.11,745.978,13.97,53
2/29/2020,14:12,14.12,748.151,13.98,55
2/29/2020,14:13,14.13,750.238,13.93,57
2/29/2020,14:14,14.14,749.861,13.98,60
2/29/2020,14:15,14.15,756.061,13.97,61
2/29/2020,14:16,14.16,757.277,13.95,61
2/29/2020,14:17,14.17,760.913,13.81,62
2/29/2020,14:18,14.18,760.655,13.69,65
2/29/2020,14:19,14.19,760.442,13.63,66
2/29/2020,14:20,14.2,755.172,13.59,67
2/29/2020,14:21,14.21,754.322,13.56,66
2/29/2020,14:22,14.22,753.286,13.68,69
2/29/2020,14:23,14.23,735.454,13.81,69
2/29/2020,14:24,14.24,753.628,13.8,71
2/29/2020,14:25,14.25,750.344,13.76,70
2/29/2020,14:26,14.26,746.438,13.67,69
2/29/2020,14:27,14.27,723.778,13.66,69
2/29/2020,14:28,14.28,723.624,13.64,69
2/29/2020,14:29,14.29,726.994,13.62,67
2/29/2020,14:30,14.3,732.686,13.56,67
2/29/2020,14:31,14.31,724.693,13.53,65
2/29/2020,14:32,14.32,724.316,13.41,65
2/29/2020,14:33,14.33,717.341,13.16,64
2/29/2020,14:34,14.34,718.923,13.08,65
2/29/2020,14:35,14.35,707.014,13.11,63
2/29/2020,14:36,14.36,688.337,13.21,61
2/29/2020,14:37,14.37,694.382,13.3,61
2/29/2020,14:38,14.38,695.399,13.43,60
2/29/2020,14:39,14.39,692.247,13.52,60
2/29/2020,14:40,14.4,687.546,13.44,60
2/29/2020,14:41,14.41,683.01,13.45,59
2/29/2020,14:42,14.42,678.526,13.54,59
2/29/2020,14:43,14.43,674.375,13.62,59
2/29/2020,14:44,14.44,671.78,13.6,-7999
2/29/2020,14:45,14.45,670.525,13.51,-7999
2/29/2020,14:46,14.46,665.194,13.51,-7999
2/29/2020,14:47,14.47,666.875,13.46,56
2/29/2020,14:48,14.48,666.681,13.53,58
2/29/2020,14:49,14.49,667.537,13.52,61
2/29/2020,14:50,14.5,670.395,13.45,63
2/29/2020,14:51,14.51,605.135,13.24,65
2/29/2020,14:52,14.52,621.18,13.1,63
2/29/2020,14:53,14.53,629.705,13.07,66
2/29/2020,14:54,14.54,596.71,13.12,64
2/29/2020,14:55,14.55,580.15,13.2,64
2/29/2020,14:56,14.56,514.804,13.17,65
2/29/2020,14:57,14.57,589.043,13.18,68
2/29/2020,14:58,14.58,612.563,13.23,69
2/29/2020,14:59,14.59,592.963,13.23,70
2/29/2020,15:00,15,529.073,13.08,68
2/29/2020,15:01,15.01,500.037,13.06,71
2/29/2020,15:02,15.02,539.645,13.16,73
2/29/2020,15:03,15.03,566.144,13.27,74
2/29/2020,15:04,15.04,537.202,13.12,76
2/29/2020,15:05,15.05,563.961,13.07,77
2/29/2020,15:06,15.06,608.009,13.08,79
2/29/2020,15:07,15.07,599.865,13.07,80
2/29/2020,15:08,15.08,537.571,13.01,81
2/29/2020,15:09,15.09,548.713,13.06,82
2/29/2020,15:10,15.1,562.277,13.14,83
2/29/2020,15:11,15.11,584.262,13.17,83
2/29/2020,15:12,15.12,598.353,13.24,84
2/29/2020,15:13,15.13,557.526,13.27,85
2/29/2020,15:14,15.14,498.134,13.26,85
2/29/2020,15:15,15.15,531.913,13.33,83
2/29/2020,15:16,15.16,506.386,13.45,84
2/29/2020,15:17,15.17,488.66,13.43,84
2/29/2020,15:18,15.18,445.096,13.35,84
2/29/2020,15:19,15.19,425.321,13.18,83
2/29/2020,15:20,15.2,403.606,13.07,84
2/29/2020,15:21,15.21,349.787,12.94,83
2/29/2020,15:22,15.22,323.87,12.84,82
2/29/2020,15:23,15.23,301.813,12.79,81
2/29/2020,15:24,15.24,271.143,12.75,84
2/29/2020,15:25,15.25,302.213,12.72,84
2/29/2020,15:26,15.26,451.277,12.64,84
2/29/2020,15:27,15.27,505.118,12.59,85
2/29/2020,15:28,15.28,512.63,12.55,85
2/29/2020,15:29,15.29,544.278,12.55,84
2/29/2020,15:30,15.3,531.647,12.71,84
2/29/2020,15:31,15.31,436.209,12.83,83
2/29/2020,15:32,15.32,306.966,12.82,79
2/29/2020,15:33,15.33,264.918,12.78,78
2/29/2020,15:34,15.34,284.189,12.68,79
2/29/2020,15:35,15.35,411.037,12.6,78
2/29/2020,15:36,15.36,422.408,12.55,79
2/29/2020,15:37,15.37,428.088,12.57,78
2/29/2020,15:38,15.38,480.812,12.61,78
2/29/2020,15:39,15.39,490.491,12.69,79
2/29/2020,15:40,15.4,512.111,12.81,78
2/29/2020,15:41,15.41,509.938,12.98,78
2/29/2020,15:42,15.42,525.528,13.08,79
2/29/2020,15:43,15.43,520.337,13.11,78
2/29/2020,15:44,15.44,533.117,13.22,79
2/29/2020,15:45,15.45,535.066,13.32,80
2/29/2020,15:46,15.46,424.27,13.39,78
2/29/2020,15:47,15.47,286.797,13.33,72
2/29/2020,15:48,15.48,235.386,13.23,71
2/29/2020,15:49,15.49,215.512,13.09,73
2/29/2020,15:50,15.5,267.688,12.91,74
2/29/2020,15:51,15.51,339.083,12.79,73
2/29/2020,15:52,15.52,420.842,12.72,78
2/29/2020,15:53,15.53,381.026,12.74,76
2/29/2020,15:54,15.54,426.073,12.86,75
2/29/2020,15:55,15.55,450.344,12.97,79
2/29/2020,15:56,15.56,413.4,13.05,78
2/29/2020,15:57,15.57,383.009,13.12,78
2/29/2020,15:58,15.58,390.438,13.14,79
2/29/2020,15:59,15.59,437.494,13.11,80
2/29/2020,16:00,16,460.388,13.17,82
2/29/2020,16:01,16.01,468.417,13.2,81
2/29/2020,16:02,16.02,459.085,13.12,81
2/29/2020,16:03,16.03,423.28,13.08,82
2/29/2020,16:04,16.04,360.213,13.03,77
2/29/2020,16:05,16.05,409.622,12.99,80
2/29/2020,16:06,16.06,423.404,12.98,82
2/29/2020,16:07,16.07,444.999,12.92,84
2/29/2020,16:08,16.08,441.653,12.91,82
2/29/2020,16:09,16.09,371.169,13.01,80
2/29/2020,16:10,16.1,370.269,13.03,74
2/29/2020,16:11,16.11,354.712,13.02,76
2/29/2020,16:12,16.12,282.291,13,65
2/29/2020,16:13,16.13,329.917,12.93,73
2/29/2020,16:14,16.14,348.496,12.82,68
2/29/2020,16:15,16.15,316.432,12.79,71
2/29/2020,16:16,16.16,239.879,12.8,62
2/29/2020,16:17,16.17,228.287,12.71,62
2/29/2020,16:18,16.18,198.399,12.57,59
2/29/2020,16:19,16.19,213.921,12.48,55
2/29/2020,16:20,16.2,182.486,12.48,57
2/29/2020,16:21,16.21,163.313,12.41,61
2/29/2020,16:22,16.22,138.516,12.32,63
2/29/2020,16:23,16.23,125.63,12.2,64
2/29/2020,16:24,16.24,131.945,12.1,63
2/29/2020,16:25,16.25,121.68,12.06,63
2/29/2020,16:26,16.26,111.868,12.01,64
2/29/2020,16:27,16.27,110.313,11.93,64
2/29/2020,16:28,16.28,112.952,11.79,63
2/29/2020,16:29,16.29,110.798,11.72,65
2/29/2020,16:30,16.3,106.507,11.58,64
2/29/2020,16:31,16.31,103.702,11.5,63
2/29/2020,16:32,16.32,109.583,11.43,61
2/29/2020,16:33,16.33,120.768,11.37,59
2/29/2020,16:34,16.34,106.634,11.33,62
2/29/2020,16:35,16.35,99.5006,11.28,63
2/29/2020,16:36,16.36,95.7281,11.24,64
2/29/2020,16:37,16.37,93.548,11.2,65
2/29/2020,16:38,16.38,92.2032,11.17,66
2/29/2020,16:39,16.39,91.0443,11.16,68
2/29/2020,16:40,16.4,89.8076,11.15,68
2/29/2020,16:41,16.41,88.3623,11.13,69
2/29/2020,16:42,16.42,87.0348,11.14,69
2/29/2020,16:43,16.43,85.2691,11.14,69
2/29/2020,16:44,16.44,83.4488,11.11,69
2/29/2020,16:45,16.45,81.9001,11.04,69
2/29/2020,16:46,16.46,80.7417,11.01,69
2/29/2020,16:47,16.47,80.1032,10.99,70
2/29/2020,16:48,16.48,80.0714,10.97,71
2/29/2020,16:49,16.49,80.5759,10.94,73
2/29/2020,16:50,16.5,88.9541,10.93,71
2/29/2020,16:51,16.51,81.8317,10.94,73
2/29/2020,16:52,16.52,110.248,10.91,71
2/29/2020,16:53,16.53,112.195,10.91,72
2/29/2020,16:54,16.54,132.17,10.91,61
2/29/2020,16:55,16.55,186.968,10.97,79
2/29/2020,16:56,16.56,187.22,11.09,81
2/29/2020,16:57,16.57,182.547,11.21,82
2/29/2020,16:58,16.58,178.658,11.35,81
2/29/2020,16:59,16.59,175.049,11.47,81
2/29/2020,17:00,17,171.668,11.62,81
2/29/2020,17:01,17.01,168.444,11.7,81
2/29/2020,17:02,17.02,165.113,11.8,80
2/29/2020,17:03,17.03,161.816,11.86,78
2/29/2020,17:04,17.04,158.873,11.89,78
2/29/2020,17:05,17.05,155.859,11.88,78
2/29/2020,17:06,17.06,153.053,11.87,79
2/29/2020,17:07,17.07,149.925,11.85,77
2/29/2020,17:08,17.08,145.112,11.89,76
2/29/2020,17:09,17.09,137.942,11.92,75
2/29/2020,17:10,17.1,128.207,11.91,75
2/29/2020,17:11,17.11,116.978,11.87,71
2/29/2020,17:12,17.12,120.798,11.79,70
2/29/2020,17:13,17.13,127.715,11.74,73
2/29/2020,17:14,17.14,125.648,11.71,74
2/29/2020,17:15,17.15,121.324,11.68,72
2/29/2020,17:16,17.16,117.202,11.65,70
2/29/2020,17:17,17.17,112.806,11.68,69
2/29/2020,17:18,17.18,108.193,11.77,67
2/29/2020,17:19,17.19,103.81,11.82,64
2/29/2020,17:20,17.2,99.2882,11.86,61
2/29/2020,17:21,17.21,87.1628,11.91,57
2/29/2020,17:22,17.22,63.0792,11.91,43
2/29/2020,17:23,17.23,68.1046,11.87,28
2/29/2020,17:24,17.24,45.7069,11.8,32
2/29/2020,17:25,17.25,42.1274,11.67,34
2/29/2020,17:26,17.26,40.1204,11.52,32
2/29/2020,17:27,17.27,38.3192,11.4,30
2/29/2020,17:28,17.28,36.7671,11.28,26
2/29/2020,17:29,17.29,35.3063,11.19,24
2/29/2020,17:30,17.3,33.6799,11.07,23
2/29/2020,17:31,17.31,31.88,10.98,20
2/29/2020,17:32,17.32,30.0528,10.92,19
2/29/2020,17:33,17.33,28.348,10.84,18
2/29/2020,17:34,17.34,26.7766,10.73,18
2/29/2020,17:35,17.35,25.2432,10.67,-1
2/29/2020,17:36,17.36,23.6675,10.57,-1
2/29/2020,17:37,17.37,22.0447,10.47,-1
2/29/2020,17:38,17.38,20.4255,10.35,-1
2/29/2020,17:39,17.39,18.928,10.13,-1
2/29/2020,17:40,17.4,17.6206,9.9,-1
2/29/2020,17:41,17.41,16.356,9.7,-1
2/29/2020,17:42,17.42,15.0701,9.62,-1
2/29/2020,17:43,17.43,13.8709,9.6,-1
2/29/2020,17:44,17.44,12.8992,9.5,-1
2/29/2020,17:45,17.45,12.0736,9.44,-1
2/29/2020,17:46,17.46,11.2646,9.45,-1
2/29/2020,17:47,17.47,10.4715,9.46,-1
2/29/2020,17:48,17.48,9.678,9.42,-1
2/29/2020,17:49,17.49,9.07676,9.4,-1
2/29/2020,17:50,17.5,8.45235,9.26,-1
