DATE (MM/DD/YYYY),MST,Time,Power,Irradiance,Temperature,CloudCover
1/1/2006,7:25,7.25,0,2.1386,6.13,-1
1/1/2006,7:26,7.26,0,2.299,6.169,-1
1/1/2006,7:27,7.27,0,2.504,6.208,-1
1/1/2006,7:28,7.28,0,2.8515,6.25,-1
1/1/2006,7:29,7.29,0,3.2169,6.289,-1
1/1/2006,7:30,7.3,0,3.609,6.308,-1
1/1/2006,7:31,7.31,0,4.0813,6.321,-1
1/1/2006,7:32,7.32,0,4.5446,6.336,-1
1/1/2006,7:33,7.33,0,5.0526,6.363,-1
1/1/2006,7:34,7.34,0,5.4714,6.4,-1
1/1/2006,7:35,7.35,0,5.9348,6.427,-1
1/1/2006,7:36,7.36,0,6.4872,6.434,-1
1/1/2006,7:37,7.37,0.1,7.0486,6.44,-1
1/1/2006,7:38,7.38,0.1,7.6902,6.458,-1
1/1/2006,7:39,7.39,0.1,8.314,6.5,-1
1/1/2006,7:40,7.4,0.1,8.9467,6.562,-1
1/1/2006,7:41,7.41,0.1,9.6417,6.647,-1
1/1/2006,7:42,7.42,0.1,10.372,6.754,-1
1/1/2006,7:43,7.43,0.2,11.353,6.84,-1
1/1/2006,7:44,7.44,0.2,12.395,6.902,-1
1/1/2006,7:45,7.45,0.2,13.5,6.95,-1
1/1/2006,7:46,7.46,0.2,14.712,6.97,-1
1/1/2006,7:47,7.47,0.2,15.969,6.954,7
1/1/2006,7:48,7.48,0.2,17.341,6.903,7
1/1/2006,7:49,7.49,0.3,18.874,6.837,7
1/1/2006,7:50,7.5,0.3,20.406,6.757,8
1/1/2006,7:51,7.51,0.3,22.019,6.665,9
1/1/2006,7:52,7.52,0.3,23.57,6.556,11
1/1/2006,7:53,7.53,0.3,25.004,6.449,12
1/1/2006,7:54,7.54,0.3,26.341,6.367,15
1/1/2006,7:55,7.55,0.4,27.526,6.307,16
1/1/2006,7:56,7.56,0.4,28.587,6.26,18
1/1/2006,7:57,7.57,0.4,29.727,6.235,21
1/1/2006,7:58,7.58,0.4,30.814,6.251,22
1/1/2006,7:59,7.59,0.4,32.017,6.286,26
1/1/2006,8:00,8,0.4,33.292,6.314,30
1/1/2006,8:01,8.01,0.5,34.682,6.349,33
1/1/2006,8:02,8.02,0.5,36.134,6.416,36
1/1/2006,8:03,8.03,0.5,37.667,6.514,40
1/1/2006,8:04,8.04,0.5,39.396,6.612,44
1/1/2006,8:05,8.05,0.5,41.089,6.699,47
1/1/2006,8:06,8.06,0.5,42.702,6.739,52
1/1/2006,8:07,8.07,0.6,44.332,6.78,52
1/1/2006,8:08,8.08,0.6,45.865,6.86,56
1/1/2006,8:09,8.09,0.6,47.202,6.937,59
1/1/2006,8:10,8.1,0.6,48.521,7.02,60
1/1/2006,8:11,8.11,1.4,49.599,7.1,62
1/1/2006,8:12,8.12,2.3,50.579,7.2,64
1/1/2006,8:13,8.13,3.1,51.363,7.32,65
1/1/2006,8:14,8.14,4,52.263,7.45,66
1/1/2006,8:15,8.15,4.8,53.341,7.55,64
1/1/2006,8:16,8.16,4.3,54.687,7.64,63
1/1/2006,8:17,8.17,3.8,56.238,7.72,60
1/1/2006,8:18,8.18,3.3,58.358,7.78,60
1/1/2006,8:19,8.19,2.8,60.702,7.83,55
1/1/2006,8:20,8.2,2.3,63.607,7.87,51
1/1/2006,8:21,8.21,4,64.4,7.9,50
1/1/2006,8:22,8.22,5.7,59.945,7.91,50
1/1/2006,8:23,8.23,7.4,57.761,7.91,55
1/1/2006,8:24,8.24,9.1,61.531,7.9,55
1/1/2006,8:25,8.25,10.8,64.872,7.89,53
1/1/2006,8:26,8.26,10.9,67.029,7.89,53
1/1/2006,8:27,8.27,11,68.642,7.89,53
1/1/2006,8:28,8.28,11.2,69.934,7.89,51
1/1/2006,8:29,8.29,11.3,71.894,7.89,51
1/1/2006,8:30,8.3,11.4,72.358,7.9,51
1/1/2006,8:31,8.31,13.6,72.536,7.9,52
1/1/2006,8:32,8.32,15.9,73.302,7.91,52
1/1/2006,8:33,8.33,18.1,74.96,7.92,53
1/1/2006,8:34,8.34,20.4,77.25,7.94,52
1/1/2006,8:35,8.35,22.6,80.841,7.94,54
1/1/2006,8:36,8.36,23.9,88.478,7.94,52
1/1/2006,8:37,8.37,25.2,95.901,7.93,52
1/1/2006,8:38,8.38,26.6,104.21,7.91,52
1/1/2006,8:39,8.39,27.9,112.15,7.9,51
1/1/2006,8:40,8.4,29.2,115.2,7.9,52
1/1/2006,8:41,8.41,28.4,115.72,7.91,55
1/1/2006,8:42,8.42,27.5,122.48,7.93,55
1/1/2006,8:43,8.43,26.7,126.96,7.95,55
1/1/2006,8:44,8.44,25.8,130.39,7.98,58
1/1/2006,8:45,8.45,25,135.25,8.01,59
1/1/2006,8:46,8.46,26.4,143.98,8.04,59
1/1/2006,8:47,8.47,27.8,154.6,8.05,55
1/1/2006,8:48,8.48,29.3,163.02,8.06,54
1/1/2006,8:49,8.49,30.7,175.32,8.08,52
1/1/2006,8:50,8.5,32.1,189.05,8.09,49
1/1/2006,8:51,8.51,32.8,204.43,8.09,51
1/1/2006,8:52,8.52,33.5,199.57,8.07,51
1/1/2006,8:53,8.53,34.1,216.29,8.06,53
1/1/2006,8:54,8.54,34.8,229.82,8.07,53
1/1/2006,8:55,8.55,35.5,228.47,8.08,56
1/1/2006,8:56,8.56,30.1,225.1,8.11,55
1/1/2006,8:57,8.57,24.8,224.78,8.12,55
1/1/2006,8:58,8.58,19.4,233.53,8.11,58
1/1/2006,8:59,8.59,14.1,237.74,8.09,59
1/1/2006,9:00,9,8.7,226.93,8.08,63
1/1/2006,9:01,9.01,9.2,210.09,8.09,69
1/1/2006,9:02,9.02,9.6,207.17,8.11,73
1/1/2006,9:03,9.03,10.1,212.72,8.11,73
1/1/2006,9:04,9.04,10.5,207.39,8.11,71
1/1/2006,9:05,9.05,11,219.32,8.12,64
1/1/2006,9:06,9.06,14.2,223.48,8.14,66
1/1/2006,9:07,9.07,17.3,251.76,8.15,62
1/1/2006,9:08,9.08,20.5,257.77,8.15,62
1/1/2006,9:09,9.09,23.6,232.67,8.17,63
1/1/2006,9:10,9.1,26.8,189.96,8.19,70
1/1/2006,9:11,9.11,25.1,189.7,8.2,76
1/1/2006,9:12,9.12,23.4,212.04,8.16,74
1/1/2006,9:13,9.13,21.7,240.36,8.11,69
1/1/2006,9:14,9.14,20,218.97,8.08,66
1/1/2006,9:15,9.15,18.3,177.61,8.03,79
1/1/2006,9:16,9.16,21.1,169.79,7.99,81
1/1/2006,9:17,9.17,24,167.81,7.95,77
1/1/2006,9:18,9.18,26.8,165.44,7.89,74
1/1/2006,9:19,9.19,29.7,167.91,7.82,72
1/1/2006,9:20,9.2,32.5,172.65,7.77,72
1/1/2006,9:21,9.21,31.5,170.82,7.7,73
1/1/2006,9:22,9.22,30.5,158.06,7.63,72
1/1/2006,9:23,9.23,29.5,144.02,7.55,68
1/1/2006,9:24,9.24,28.5,139.76,7.46,68
1/1/2006,9:25,9.25,27.5,148.39,7.39,68
1/1/2006,9:26,9.26,29.7,156.42,7.33,65
1/1/2006,9:27,9.27,31.9,151.36,7.3,59
1/1/2006,9:28,9.28,34.2,140.91,7.27,58
1/1/2006,9:29,9.29,36.4,127.12,7.25,53
1/1/2006,9:30,9.3,38.6,118.67,7.24,50
1/1/2006,9:31,9.31,39.6,131.46,7.23,47
1/1/2006,9:32,9.32,40.5,133.17,7.22,44
1/1/2006,9:33,9.33,41.5,134.24,7.21,46
1/1/2006,9:34,9.34,42.4,130.29,7.2,49
1/1/2006,9:35,9.35,43.4,121.36,7.18,48
1/1/2006,9:36,9.36,44.2,111.11,7.17,45
1/1/2006,9:37,9.37,44.9,112.14,7.16,43
1/1/2006,9:38,9.38,45.7,105.03,7.15,41
1/1/2006,9:39,9.39,46.4,104.77,7.14,39
1/1/2006,9:40,9.4,47.2,102.44,7.13,36
1/1/2006,9:41,9.41,46.4,107.17,7.11,36
1/1/2006,9:42,9.42,45.6,119.56,7.11,38
1/1/2006,9:43,9.43,44.9,124.23,7.1,35
1/1/2006,9:44,9.44,44.1,122.84,7.11,32
1/1/2006,9:45,9.45,43.3,122.72,7.13,30
1/1/2006,9:46,9.46,43.8,142.75,7.13,24
1/1/2006,9:47,9.47,44.3,100.45,7.16,21
1/1/2006,9:48,9.48,44.9,86.259,7.17,16
1/1/2006,9:49,9.49,45.4,81.082,7.16,17
1/1/2006,9:50,9.5,45.9,87.809,7.14,18
1/1/2006,9:51,9.51,41,95.206,7.12,18
1/1/2006,9:52,9.52,36.2,104.38,7.11,20
1/1/2006,9:53,9.53,31.3,230.83,7.13,21
1/1/2006,9:54,9.54,26.5,398.08,7.21,12
1/1/2006,9:55,9.55,21.6,311.54,7.35,13
1/1/2006,9:56,9.56,21.5,324.4,7.45,15
1/1/2006,9:57,9.57,21.4,167.59,7.53,21
1/1/2006,9:58,9.58,21.4,133.8,7.61,30
1/1/2006,9:59,9.59,21.3,381.02,7.64,30
1/1/2006,10:00,10,21.2,455.17,7.7,19
1/1/2006,10:01,10.01,25.3,334.98,7.81,17
1/1/2006,10:02,10.02,29.4,265.4,7.87,17
1/1/2006,10:03,10.03,33.5,160.5,7.89,19
1/1/2006,10:04,10.04,37.6,437.89,7.89,15
1/1/2006,10:05,10.05,41.7,339.67,7.97,14
1/1/2006,10:06,10.06,42.9,104.34,8,19
1/1/2006,10:07,10.07,44.1,106.97,7.91,23
1/1/2006,10:08,10.08,45.3,114.99,7.81,23
1/1/2006,10:09,10.09,46.5,119.63,7.72,23
1/1/2006,10:10,10.1,47.7,255.95,7.68,22
1/1/2006,10:11,10.11,44.2,361.29,7.74,13
1/1/2006,10:12,10.12,40.7,450.6,7.79,12
1/1/2006,10:13,10.13,37.1,345.21,7.88,13
1/1/2006,10:14,10.14,33.6,117.12,7.94,15
1/1/2006,10:15,10.15,30.1,103.35,7.88,15
1/1/2006,10:16,10.16,30.4,430.23,7.82,11
1/1/2006,10:17,10.17,30.7,444.43,7.89,8
1/1/2006,10:18,10.18,31,410.51,8,8
1/1/2006,10:19,10.19,31.3,430.32,8.15,8
1/1/2006,10:20,10.2,31.6,428.5,8.2,6
1/1/2006,10:21,10.21,36.5,426.82,8.21,5
1/1/2006,10:22,10.22,41.5,427.24,8.16,4
1/1/2006,10:23,10.23,46.4,428.18,8.18,4
1/1/2006,10:24,10.24,51.4,430.3,8.29,4
1/1/2006,10:25,10.25,56.3,431.71,8.33,4
1/1/2006,10:26,10.26,56.5,432.41,8.3,4
1/1/2006,10:27,10.27,56.6,432.79,8.24,4
1/1/2006,10:28,10.28,56.8,433.06,8.25,3
1/1/2006,10:29,10.29,56.9,434.06,8.25,3
1/1/2006,10:30,10.3,57.1,434.92,8.26,3
1/1/2006,10:31,10.31,52.2,435.68,8.28,2
1/1/2006,10:32,10.32,47.4,435.73,8.31,2
1/1/2006,10:33,10.33,42.5,438,8.36,3
1/1/2006,10:34,10.34,37.7,440.32,8.36,2
1/1/2006,10:35,10.35,32.8,441.9,8.28,3
1/1/2006,10:36,10.36,34.4,445.12,8.22,3
1/1/2006,10:37,10.37,35.9,448.76,8.19,3
1/1/2006,10:38,10.38,37.5,451.68,8.17,3
1/1/2006,10:39,10.39,39,452.95,8.26,3
1/1/2006,10:40,10.4,40.6,452.96,8.32,3
1/1/2006,10:41,10.41,42.2,452.71,8.43,3
1/1/2006,10:42,10.42,43.8,452.69,8.47,3
1/1/2006,10:43,10.43,45.4,453.02,8.52,3
1/1/2006,10:44,10.44,47,454.04,8.57,3
1/1/2006,10:45,10.45,48.6,455.31,8.65,3
1/1/2006,10:46,10.46,47.2,457.39,8.67,3
1/1/2006,10:47,10.47,45.9,460.49,8.67,3
1/1/2006,10:48,10.48,44.5,359.15,8.71,3
1/1/2006,10:49,10.49,43.2,469.11,8.79,3
1/1/2006,10:50,10.5,41.8,470.32,8.72,1
1/1/2006,10:51,10.51,42.1,467.66,8.56,2
1/1/2006,10:52,10.52,42.5,464.63,8.55,2
1/1/2006,10:53,10.53,42.8,465.33,8.64,2
1/1/2006,10:54,10.54,43.1,467.57,8.65,2
1/1/2006,10:55,10.55,43.5,469.59,8.58,2
1/1/2006,10:56,10.56,43.8,472.69,8.61,3
1/1/2006,10:57,10.57,43.7,476.36,8.64,3
1/1/2006,10:58,10.58,43.6,481.32,8.61,2
1/1/2006,10:59,10.59,43.6,469.53,8.59,3
1/1/2006,11:00,11,43.5,485.27,8.7,3
1/1/2006,11:01,11.01,43.4,462.99,8.75,3
1/1/2006,11:02,11.02,43.3,421.48,8.7,4
1/1/2006,11:03,11.03,44.3,491.68,8.62,4
1/1/2006,11:04,11.04,45.2,488.81,8.59,3
1/1/2006,11:05,11.05,46.2,489.72,8.57,3
1/1/2006,11:06,11.06,47.1,488.76,8.61,4
1/1/2006,11:07,11.07,48.1,488.42,8.7,4
1/1/2006,11:08,11.08,49.8,487.9,8.78,4
1/1/2006,11:09,11.09,51.5,486.83,8.82,4
1/1/2006,11:10,11.1,53.1,486.39,8.82,3
1/1/2006,11:11,11.11,54.8,486.56,8.73,3
1/1/2006,11:12,11.12,56.5,486.69,8.73,2
1/1/2006,11:13,11.13,57.8,487.11,8.79,2
1/1/2006,11:14,11.14,59,488.32,8.81,2
1/1/2006,11:15,11.15,60.3,490.28,8.79,3
1/1/2006,11:16,11.16,61.5,489.98,8.78,3
1/1/2006,11:17,11.17,62.8,486.91,8.84,3
1/1/2006,11:18,11.18,63.8,489.99,8.87,3
1/1/2006,11:19,11.19,64.7,489.23,8.89,3
1/1/2006,11:20,11.2,65.7,492.16,8.91,2
1/1/2006,11:21,11.21,66.6,493.44,8.91,2
1/1/2006,11:22,11.22,67.6,494.4,8.88,2
1/1/2006,11:23,11.23,67.6,494.64,8.83,2
1/1/2006,11:24,11.24,67.5,494.45,8.81,3
1/1/2006,11:25,11.25,67.5,494.76,8.81,2
1/1/2006,11:26,11.26,67.4,495.94,8.85,3
1/1/2006,11:27,11.27,67.4,497.16,8.88,2
1/1/2006,11:28,11.28,66.9,498.68,8.94,2
1/1/2006,11:29,11.29,66.4,498.63,8.99,3
1/1/2006,11:30,11.3,66,501.13,9,3
1/1/2006,11:31,11.31,65.5,502.02,9.01,3
1/1/2006,11:32,11.32,65,500.71,9.02,3
1/1/2006,11:33,11.33,64.5,506.21,9.09,4
1/1/2006,11:34,11.34,64,507.37,9.15,4
1/1/2006,11:35,11.35,63.6,508.17,9.2,3
1/1/2006,11:36,11.36,63.1,509.05,9.23,4
1/1/2006,11:37,11.37,62.6,510.09,9.18,5
1/1/2006,11:38,11.38,62.7,511.45,9.14,4
1/1/2006,11:39,11.39,62.7,515.22,9.04,4
1/1/2006,11:40,11.4,62.8,520.29,8.97,4
1/1/2006,11:41,11.41,62.8,524.05,8.94,4
1/1/2006,11:42,11.42,62.9,526.15,8.99,5
1/1/2006,11:43,11.43,63.3,526.36,9.02,5
1/1/2006,11:44,11.44,63.7,529.66,9.07,6
1/1/2006,11:45,11.45,64.1,531.12,9.14,6
1/1/2006,11:46,11.46,64.5,532.88,9.23,6
1/1/2006,11:47,11.47,64.8,532.6,9.3,6
1/1/2006,11:48,11.48,65.2,535.96,9.3,6
1/1/2006,11:49,11.49,65.6,539.1,9.32,6
1/1/2006,11:50,11.5,66,535.87,9.38,5
1/1/2006,11:51,11.51,65.7,532.56,9.33,6
1/1/2006,11:52,11.52,65.4,532.91,9.26,5
1/1/2006,11:53,11.53,65,529.36,9.17,5
1/1/2006,11:54,11.54,64.7,528.03,9.13,5
1/1/2006,11:55,11.55,64.4,517.32,9.17,5
1/1/2006,11:56,11.56,64.4,507.24,9.23,5
1/1/2006,11:57,11.57,64.4,524.49,9.14,5
1/1/2006,11:58,11.58,64.3,524.36,9.14,5
1/1/2006,11:59,11.59,64.3,521.95,9.24,6
1/1/2006,12:00,12,64.3,521.55,9.26,5
1/1/2006,12:01,12.01,63.7,521.47,9.18,5
1/1/2006,12:02,12.02,63.1,521.34,9.16,5
1/1/2006,12:03,12.03,62.4,521.42,9.18,6
1/1/2006,12:04,12.04,61.8,521.68,9.27,6
1/1/2006,12:05,12.05,61.2,521.4,9.28,6
1/1/2006,12:06,12.06,56.8,522.04,9.25,6
1/1/2006,12:07,12.07,52.4,522.63,9.2,6
1/1/2006,12:08,12.08,48,522.01,9.14,6
1/1/2006,12:09,12.09,43.6,523.17,9.17,6
1/1/2006,12:10,12.1,39.2,523.33,9.26,6
1/1/2006,12:11,12.11,34.8,523.99,9.24,6
1/1/2006,12:12,12.12,30.4,524.2,9.19,6
1/1/2006,12:13,12.13,25.9,524.46,9.13,6
1/1/2006,12:14,12.14,21.5,522.9,9.13,6
1/1/2006,12:15,12.15,17.1,523.89,9.19,6
1/1/2006,12:16,12.16,16.1,524.25,9.21,6
1/1/2006,12:17,12.17,15.1,524.06,9.13,6
1/1/2006,12:18,12.18,14.1,487.34,9.15,6
1/1/2006,12:19,12.19,13.1,454.07,9.17,8
1/1/2006,12:20,12.2,12.1,526.5,9.21,7
1/1/2006,12:21,12.21,13.5,525.85,9.25,8
1/1/2006,12:22,12.22,14.9,517.83,9.19,6
1/1/2006,12:23,12.23,16.4,513.41,9.15,6
1/1/2006,12:24,12.24,17.8,502.34,9.19,7
1/1/2006,12:25,12.25,19.2,483.47,9.28,6
1/1/2006,12:26,12.26,18.4,503.34,9.38,6
1/1/2006,12:27,12.27,17.6,512.02,9.38,6
1/1/2006,12:28,12.28,16.7,502.85,9.22,6
1/1/2006,12:29,12.29,15.9,499.53,9.17,6
1/1/2006,12:30,12.3,15.1,466.45,9.23,6
1/1/2006,12:31,12.31,15.9,497.94,9.24,6
1/1/2006,12:32,12.32,16.7,511.68,9.26,5
1/1/2006,12:33,12.33,17.6,514.83,9.28,4
1/1/2006,12:34,12.34,18.4,513.28,9.26,4
1/1/2006,12:35,12.35,19.2,512.22,9.22,4
1/1/2006,12:36,12.36,20.6,511.24,9.16,4
1/1/2006,12:37,12.37,22.1,509.93,9.21,4
1/1/2006,12:38,12.38,23.5,508.56,9.24,5
1/1/2006,12:39,12.39,25,508.7,9.23,5
1/1/2006,12:40,12.4,26.4,508.71,9.15,5
1/1/2006,12:41,12.41,25.1,507.92,9.09,5
1/1/2006,12:42,12.42,23.7,506.85,9.11,5
1/1/2006,12:43,12.43,22.4,506.26,9.23,5
1/1/2006,12:44,12.44,21,506.55,9.26,5
1/1/2006,12:45,12.45,19.7,505.27,9.27,5
1/1/2006,12:46,12.46,19.6,504.78,9.33,4
1/1/2006,12:47,12.47,19.4,504.44,9.31,4
1/1/2006,12:48,12.48,19.3,503.85,9.19,5
1/1/2006,12:49,12.49,19.1,502.95,9.16,5
1/1/2006,12:50,12.5,19,501.63,9.16,4
1/1/2006,12:51,12.51,19.1,500.19,9.17,4
1/1/2006,12:52,12.52,19.2,497.39,9.22,5
1/1/2006,12:53,12.53,19.2,495.7,9.26,4
1/1/2006,12:54,12.54,19.3,497.8,9.28,4
1/1/2006,12:55,12.55,19.4,497.25,9.29,4
1/1/2006,12:56,12.56,19.7,496.18,9.39,4
1/1/2006,12:57,12.57,20,494.99,9.52,4
1/1/2006,12:58,12.58,20.2,494.12,9.53,4
1/1/2006,12:59,12.59,20.5,492.26,9.49,4
1/1/2006,13:00,13,20.8,491.22,9.51,4
1/1/2006,13:01,13.01,20.3,490.45,9.57,4
1/1/2006,13:02,13.02,19.8,489.32,9.47,4
1/1/2006,13:03,13.03,19.3,487.74,9.36,4
1/1/2006,13:04,13.04,18.8,485.79,9.36,4
1/1/2006,13:05,13.05,18.3,484.69,9.38,4
1/1/2006,13:06,13.06,20.2,483.9,9.38,4
1/1/2006,13:07,13.07,22.1,482.99,9.45,4
1/1/2006,13:08,13.08,23.9,481.23,9.57,4
1/1/2006,13:09,13.09,25.8,479.93,9.54,4
1/1/2006,13:10,13.1,27.7,478.49,9.52,4
1/1/2006,13:11,13.11,29.1,477.06,9.55,4
1/1/2006,13:12,13.12,30.6,475.58,9.62,4
1/1/2006,13:13,13.13,32,474.66,9.69,4
1/1/2006,13:14,13.14,33.5,473.02,9.69,4
1/1/2006,13:15,13.15,34.9,471.66,9.49,4
1/1/2006,13:16,13.16,35.1,470.2,9.37,4
1/1/2006,13:17,13.17,35.3,468.77,9.4,4
1/1/2006,13:18,13.18,35.4,467.86,9.48,4
1/1/2006,13:19,13.19,35.6,467.27,9.6,4
1/1/2006,13:20,13.2,35.8,466.42,9.7,4
1/1/2006,13:21,13.21,40.4,464.23,9.87,4
1/1/2006,13:22,13.22,45,462.9,10.02,4
1/1/2006,13:23,13.23,49.7,462.18,10.12,4
1/1/2006,13:24,13.24,54.3,460.8,10.14,4
1/1/2006,13:25,13.25,58.9,459.27,10.17,4
1/1/2006,13:26,13.26,58.3,457.81,10.21,4
1/1/2006,13:27,13.27,57.7,456.57,10.29,4
1/1/2006,13:28,13.28,57.1,454.92,10.37,4
1/1/2006,13:29,13.29,56.5,453.47,10.39,4
1/1/2006,13:30,13.3,55.9,452.35,10.28,4
1/1/2006,13:31,13.31,53.5,450.97,10.1,4
1/1/2006,13:32,13.32,51.1,449.67,9.96,4
1/1/2006,13:33,13.33,48.7,448.24,9.85,4
1/1/2006,13:34,13.34,46.3,446.91,9.82,4
1/1/2006,13:35,13.35,43.9,445.21,9.77,4
1/1/2006,13:36,13.36,46,443.15,9.69,4
1/1/2006,13:37,13.37,48,441.46,9.61,4
1/1/2006,13:38,13.38,50.1,439.97,9.6,4
1/1/2006,13:39,13.39,52.1,438.57,9.66,4
1/1/2006,13:40,13.4,54.2,436.41,9.67,4
1/1/2006,13:41,13.41,54.4,435.16,9.75,4
1/1/2006,13:42,13.42,54.7,433.53,9.85,4
1/1/2006,13:43,13.43,54.9,432.06,10,4
1/1/2006,13:44,13.44,55.2,430.48,10.13,4
1/1/2006,13:45,13.45,55.4,428.65,10.22,4
1/1/2006,13:46,13.46,54.1,426.97,10.26,4
1/1/2006,13:47,13.47,52.9,424.99,10.38,4
1/1/2006,13:48,13.48,51.6,423.76,10.52,4
1/1/2006,13:49,13.49,50.4,422.08,10.64,4
1/1/2006,13:50,13.5,49.1,420.11,10.76,4
1/1/2006,13:51,13.51,49.4,418.89,10.91,4
1/1/2006,13:52,13.52,49.7,417.41,11.02,4
1/1/2006,13:53,13.53,49.9,415.98,11,4
1/1/2006,13:54,13.54,50.2,414.67,10.83,4
1/1/2006,13:55,13.55,50.5,412.65,10.8,4
1/1/2006,13:56,13.56,50.7,410.57,10.88,4
1/1/2006,13:57,13.57,50.9,408.21,10.83,4
1/1/2006,13:58,13.58,51,406.56,10.75,4
1/1/2006,13:59,13.59,51.2,404.79,10.67,4
1/1/2006,14:00,14,51.4,403.11,10.59,4
1/1/2006,14:01,14.01,50.5,400.93,10.66,3
1/1/2006,14:02,14.02,49.5,398.79,10.65,4
1/1/2006,14:03,14.03,48.6,396.85,10.47,4
1/1/2006,14:04,14.04,47.6,394.87,10.56,4
1/1/2006,14:05,14.05,46.7,392.24,10.73,4
1/1/2006,14:06,14.06,45.4,390.26,10.81,4
1/1/2006,14:07,14.07,44,388.43,10.74,4
1/1/2006,14:08,14.08,42.7,387.39,10.72,4
1/1/2006,14:09,14.09,41.3,385.17,10.75,4
1/1/2006,14:10,14.1,40,383.5,10.77,3
1/1/2006,14:11,14.11,39.9,381.21,10.75,4
1/1/2006,14:12,14.12,39.8,378.84,10.7,3
1/1/2006,14:13,14.13,39.7,376.69,10.5,3
1/1/2006,14:14,14.14,39.6,375.23,10.28,3
1/1/2006,14:15,14.15,39.5,373.31,10.22,3
1/1/2006,14:16,14.16,39.7,370.84,10.22,3
1/1/2006,14:17,14.17,39.9,368.82,10.11,3
1/1/2006,14:18,14.18,40,366.67,10.01,4
1/1/2006,14:19,14.19,40.2,364.5,10.02,4
1/1/2006,14:20,14.2,40.4,361.91,10.14,4
1/1/2006,14:21,14.21,40.5,359.54,10.3,3
1/1/2006,14:22,14.22,40.7,355.06,10.47,3
1/1/2006,14:23,14.23,40.8,351.22,10.64,3
1/1/2006,14:24,14.24,41,348.58,10.75,3
1/1/2006,14:25,14.25,41.1,345.91,10.85,3
1/1/2006,14:26,14.26,41.1,343.19,10.88,2
1/1/2006,14:27,14.27,41,339.8,10.9,2
1/1/2006,14:28,14.28,41,341,10.88,2
1/1/2006,14:29,14.29,40.9,336.81,10.91,2
1/1/2006,14:30,14.3,40.9,336.48,10.93,2
1/1/2006,14:31,14.31,41.1,333.24,10.85,2
1/1/2006,14:32,14.32,41.3,332.37,10.57,3
1/1/2006,14:33,14.33,41.4,329.89,10.48,2
1/1/2006,14:34,14.34,41.6,329.16,10.53,2
1/1/2006,14:35,14.35,41.8,326.95,10.57,3
1/1/2006,14:36,14.36,41.7,323.97,10.64,2
1/1/2006,14:37,14.37,41.7,322.53,10.65,2
1/1/2006,14:38,14.38,41.6,320.01,10.56,2
1/1/2006,14:39,14.39,41.6,316.61,10.52,2
1/1/2006,14:40,14.4,41.5,313.39,10.47,3
1/1/2006,14:41,14.41,41.5,312.65,10.42,2
1/1/2006,14:42,14.42,41.4,310.46,10.29,2
1/1/2006,14:43,14.43,41.4,308.01,10.12,2
1/1/2006,14:44,14.44,41.3,305.85,10.05,3
1/1/2006,14:45,14.45,41.3,303.04,10.06,2
1/1/2006,14:46,14.46,41.2,300.84,10.09,2
1/1/2006,14:47,14.47,41.1,298.02,10.11,2
1/1/2006,14:48,14.48,41.1,295.81,10.1,2
1/1/2006,14:49,14.49,41,293.43,9.98,2
1/1/2006,14:50,14.5,40.9,291.47,9.98,2
1/1/2006,14:51,14.51,40.7,289.46,10.03,2
1/1/2006,14:52,14.52,40.5,287.27,10.05,2
1/1/2006,14:53,14.53,40.3,284.46,10.07,2
1/1/2006,14:54,14.54,40.1,281.8,10.05,2
1/1/2006,14:55,14.55,39.9,280.05,10.06,2
1/1/2006,14:56,14.56,39.7,277.52,10.11,3
1/1/2006,14:57,14.57,39.5,274.74,10.12,3
1/1/2006,14:58,14.58,39.2,272.11,10.15,3
1/1/2006,14:59,14.59,39,269.56,10.12,3
1/1/2006,15:00,15,38.8,267.11,10.07,3
1/1/2006,15:01,15.01,38.5,264.44,10,3
1/1/2006,15:02,15.02,38.3,262.01,10.03,3
1/1/2006,15:03,15.03,38,259.91,10.08,3
1/1/2006,15:04,15.04,37.8,257.12,10.1,3
1/1/2006,15:05,15.05,37.5,254.5,10.17,3
1/1/2006,15:06,15.06,37,251.57,10.22,3
1/1/2006,15:07,15.07,36.6,249.28,10.24,3
1/1/2006,15:08,15.08,36.1,246.57,10.35,3
1/1/2006,15:09,15.09,35.7,244.24,10.36,3
1/1/2006,15:10,15.1,35.2,241.5,10.46,3
1/1/2006,15:11,15.11,34.7,239.15,10.51,3
1/1/2006,15:12,15.12,34.2,236.28,10.56,3
1/1/2006,15:13,15.13,33.8,233.46,10.66,3
1/1/2006,15:14,15.14,33.3,231.07,10.76,3
1/1/2006,15:15,15.15,32.8,228.61,10.88,3
1/1/2006,15:16,15.16,32.3,225.82,11.03,3
1/1/2006,15:17,15.17,31.8,223.7,11.05,3
1/1/2006,15:18,15.18,31.3,221.18,10.84,3
1/1/2006,15:19,15.19,30.8,218.55,10.6,3
1/1/2006,15:20,15.2,30.3,215.87,10.61,3
1/1/2006,15:21,15.21,29.8,213.1,10.65,3
1/1/2006,15:22,15.22,29.3,210.5,10.65,3
1/1/2006,15:23,15.23,28.9,207.62,10.67,3
1/1/2006,15:24,15.24,28.4,205.25,10.69,3
1/1/2006,15:25,15.25,27.9,202.32,10.69,3
1/1/2006,15:26,15.26,27.4,199.68,10.68,3
1/1/2006,15:27,15.27,26.9,197.07,10.56,3
1/1/2006,15:28,15.28,26.3,194.21,10.49,3
1/1/2006,15:29,15.29,25.8,191.63,10.5,3
1/1/2006,15:30,15.3,25.3,188.77,10.51,3
1/1/2006,15:31,15.31,24.8,186.15,10.47,3
1/1/2006,15:32,15.32,24.3,183.38,10.47,3
1/1/2006,15:33,15.33,23.7,180.38,10.54,3
1/1/2006,15:34,15.34,23.2,177.53,10.44,3
1/1/2006,15:35,15.35,22.7,174.51,10.37,3
1/1/2006,15:36,15.36,22.2,171.42,10.08,4
1/1/2006,15:37,15.37,21.7,169.21,9.7,3
1/1/2006,15:38,15.38,21.1,166.62,9.34,3
1/1/2006,15:39,15.39,20.6,163.7,8.99,3
1/1/2006,15:40,15.4,20.1,160.84,8.74,4
1/1/2006,15:41,15.41,19.6,158.02,8.53,4
1/1/2006,15:42,15.42,19.1,155.14,8.35,3
1/1/2006,15:43,15.43,18.6,152.13,8.15,3
1/1/2006,15:44,15.44,18.1,149.69,8.01,3
1/1/2006,15:45,15.45,17.6,146.8,7.91,3
1/1/2006,15:46,15.46,17.1,143.77,7.81,4
1/1/2006,15:47,15.47,16.6,141.08,7.71,4
1/1/2006,15:48,15.48,16.2,138.45,7.63,4
1/1/2006,15:49,15.49,15.7,135.73,7.54,4
1/1/2006,15:50,15.5,15.2,133.16,7.41,4
1/1/2006,15:51,15.51,14.8,130.13,7.31,4
1/1/2006,15:52,15.52,14.3,127.39,7.19,4
1/1/2006,15:53,15.53,13.9,124.42,7.11,4
1/1/2006,15:54,15.54,13.4,121.43,7.01,4
1/1/2006,15:55,15.55,13,118.77,6.948,4
1/1/2006,15:56,15.56,12.5,115.97,6.9,4
1/1/2006,15:57,15.57,12,113.35,6.856,4
1/1/2006,15:58,15.58,11.4,110.54,6.803,4
1/1/2006,15:59,15.59,10.9,107.61,6.737,4
1/1/2006,16:00,16,10.4,105.05,6.714,4
1/1/2006,16:01,16.01,9.1,102.4,6.708,4
1/1/2006,16:02,16.02,7.8,99.384,6.675,4
1/1/2006,16:03,16.03,6.5,96.915,6.619,4
1/1/2006,16:04,16.04,5.2,94.153,6.561,4
1/1/2006,16:05,16.05,3.9,91.364,6.522,4
1/1/2006,16:06,16.06,3.8,88.7,6.491,4
1/1/2006,16:07,16.07,3.7,86.071,6.478,4
1/1/2006,16:08,16.08,3.7,81.669,6.46,4
1/1/2006,16:09,16.09,3.6,80.6,6.448,4
1/1/2006,16:10,16.1,3.5,78.034,6.436,4
1/1/2006,16:11,16.11,3.3,75.743,6.425,4
1/1/2006,16:12,16.12,3.1,73.096,6.419,4
1/1/2006,16:13,16.13,2.8,69.915,6.405,4
1/1/2006,16:14,16.14,2.6,68.035,6.391,4
1/1/2006,16:15,16.15,2.4,65.673,6.37,4
1/1/2006,16:16,16.16,2,63.267,6.336,4
1/1/2006,16:17,16.17,1.6,60.389,6.303,4
1/1/2006,16:18,16.18,1.3,49.776,6.281,4
1/1/2006,16:19,16.19,0.9,31.571,6.252,4
1/1/2006,16:20,16.2,0.5,18.232,6.193,4
1/1/2006,16:21,16.21,0.5,15.817,6.121,4
1/1/2006,16:22,16.22,0.5,15.398,6.036,4
1/1/2006,16:23,16.23,0.4,14.872,5.944,4
1/1/2006,16:24,16.24,0.4,14.454,5.858,4
1/1/2006,16:25,16.25,0.4,13.999,5.774,-1
1/1/2006,16:26,16.26,0.4,13.554,5.687,-1
1/1/2006,16:27,16.27,0.4,13.072,5.585,-1
1/1/2006,16:28,16.28,0.3,12.645,5.484,-1
1/1/2006,16:29,16.29,0.3,12.19,5.405,-1
1/1/2006,16:30,16.3,0.3,11.691,5.355,-1
1/1/2006,16:31,16.31,0.3,11.192,5.325,-1
1/1/2006,16:32,16.32,0.3,10.657,5.318,-1
1/1/2006,16:33,16.33,0.2,10.123,5.298,-1
1/1/2006,16:34,16.34,0.2,9.4723,5.267,-1
1/1/2006,16:35,16.35,0.2,8.8931,5.253,-1
1/1/2006,16:36,16.36,0.2,8.3674,5.236,-1
1/1/2006,16:37,16.37,0.1,7.9575,5.224,-1
1/1/2006,16:38,16.38,0.1,7.405,5.232,-1
1/1/2006,16:39,16.39,0.1,6.9149,5.245,-1
1/1/2006,16:40,16.4,0.1,6.3892,5.248,-1
1/1/2006,16:41,16.41,0.1,5.908,5.203,-1
1/1/2006,16:42,16.42,0,5.4268,5.148,-1
1/1/2006,16:43,16.43,0,4.8565,5.121,-1
1/1/2006,16:44,16.44,0,4.3486,5.092,-1
1/2/2006,7:25,7.25,0,9.116,3.472,-1
1/2/2006,7:26,7.26,0,10.88,3.569,-1
1/2/2006,7:27,7.27,0,11.05,3.681,-1
1/2/2006,7:28,7.28,0,10.364,3.755,-1
1/2/2006,7:29,7.29,0,12.475,3.776,-1
1/2/2006,7:30,7.3,0,16.209,3.785,-1
1/2/2006,7:31,7.31,0,17.786,3.793,-1
1/2/2006,7:32,7.32,0,19.221,3.786,-1
1/2/2006,7:33,7.33,0,21.627,3.773,-1
1/2/2006,7:34,7.34,0,23.703,3.76,-1
1/2/2006,7:35,7.35,0.1,25.53,3.752,-1
1/2/2006,7:36,7.36,0.1,27.33,3.736,-1
1/2/2006,7:37,7.37,0.1,29.504,3.74,-1
1/2/2006,7:38,7.38,0.1,31.795,3.762,-1
1/2/2006,7:39,7.39,0.1,34.352,3.782,-1
1/2/2006,7:40,7.4,0.1,37.355,3.824,-1
1/2/2006,7:41,7.41,0.1,39.645,3.881,-1
1/2/2006,7:42,7.42,0.1,40.643,3.951,-1
1/2/2006,7:43,7.43,0.1,43.236,4.037,-1
1/2/2006,7:44,7.44,0.1,49.474,4.118,-1
1/2/2006,7:45,7.45,0.1,56.362,4.197,-1
1/2/2006,7:46,7.46,0.3,59.009,4.29,-1
1/2/2006,7:47,7.47,0.5,56.202,4.385,6
1/2/2006,7:48,7.48,0.6,51.64,4.492,6
1/2/2006,7:49,7.49,0.8,51.836,4.62,9
1/2/2006,7:50,7.5,1,51.524,4.712,7
1/2/2006,7:51,7.51,1.9,46.337,4.784,9
1/2/2006,7:52,7.52,2.8,52.424,4.843,13
1/2/2006,7:53,7.53,3.6,74.176,4.912,10
1/2/2006,7:54,7.54,4.5,82.926,5.025,9
1/2/2006,7:55,7.55,5.4,84.575,5.209,10
1/2/2006,7:56,7.56,6.8,86.856,5.441,10
1/2/2006,7:57,7.57,8.1,89.716,5.685,10
1/2/2006,7:58,7.58,9.5,93.388,5.916,11
1/2/2006,7:59,7.59,10.8,98.039,6.136,11
1/2/2006,8:00,8,12.2,103.54,6.314,13
1/2/2006,8:01,8.01,13,108.02,6.447,15
1/2/2006,8:02,8.02,13.8,108.78,6.553,17
1/2/2006,8:03,8.03,14.5,109.32,6.599,17
1/2/2006,8:04,8.04,15.3,115.94,6.622,17
1/2/2006,8:05,8.05,16.1,117.47,6.617,16
1/2/2006,8:06,8.06,16.9,88.496,6.61,15
1/2/2006,8:07,8.07,17.7,108.68,6.625,11
1/2/2006,8:08,8.08,18.5,113.68,6.677,13
1/2/2006,8:09,8.09,19.3,80.101,6.737,11
1/2/2006,8:10,8.1,20.1,45.589,6.774,10
1/2/2006,8:11,8.11,20.6,33.702,6.784,18
1/2/2006,8:12,8.12,21.1,30.975,6.773,17
1/2/2006,8:13,8.13,21.7,29.879,6.743,15
1/2/2006,8:14,8.14,22.2,30.298,6.708,13
1/2/2006,8:15,8.15,22.7,37.542,6.679,11
1/2/2006,8:16,8.16,23.1,112.25,6.679,6
1/2/2006,8:17,8.17,23.5,121.83,6.723,4
1/2/2006,8:18,8.18,23.9,95.072,6.778,4
1/2/2006,8:19,8.19,24.3,55.133,6.785,5
1/2/2006,8:20,8.2,24.7,38.585,6.754,8
1/2/2006,8:21,8.21,25,34.815,6.722,8
1/2/2006,8:22,8.22,25.4,29.469,6.675,8
1/2/2006,8:23,8.23,25.7,29.433,6.515,7
1/2/2006,8:24,8.24,26.1,30.547,6.276,6
1/2/2006,8:25,8.25,26.4,34.379,6.074,5
1/2/2006,8:26,8.26,26.8,122.39,5.969,4
1/2/2006,8:27,8.27,27.2,153.64,5.967,2
1/2/2006,8:28,8.28,27.6,155.2,5.996,2
1/2/2006,8:29,8.29,28,157.35,6.026,2
1/2/2006,8:30,8.3,28.4,159.33,6.086,2
1/2/2006,8:31,8.31,28.8,161.46,6.203,2
1/2/2006,8:32,8.32,29.2,164.19,6.378,2
1/2/2006,8:33,8.33,29.5,164.68,6.535,2
1/2/2006,8:34,8.34,29.9,140.74,6.725,2
1/2/2006,8:35,8.35,30.3,118.42,6.868,2
1/2/2006,8:36,8.36,30.7,173.84,6.91,2
1/2/2006,8:37,8.37,31.1,176.71,6.91,2
1/2/2006,8:38,8.38,31.6,179.12,6.863,2
1/2/2006,8:39,8.39,32,181.48,6.785,2
1/2/2006,8:40,8.4,32.4,184.21,6.661,2
1/2/2006,8:41,8.41,32.8,186.94,6.359,2
1/2/2006,8:42,8.42,33.2,189.86,6.053,2
1/2/2006,8:43,8.43,33.7,192.64,5.76,2
1/2/2006,8:44,8.44,34.1,195.47,5.541,2
1/2/2006,8:45,8.45,34.5,198.24,5.488,2
1/2/2006,8:46,8.46,34.9,201.06,5.52,2
1/2/2006,8:47,8.47,35.2,203.52,5.58,2
1/2/2006,8:48,8.48,35.6,206.27,5.632,2
1/2/2006,8:49,8.49,35.9,208.8,5.685,2
1/2/2006,8:50,8.5,36.3,211.28,5.738,2
1/2/2006,8:51,8.51,36.6,213.82,5.783,2
1/2/2006,8:52,8.52,36.9,216.21,5.861,2
1/2/2006,8:53,8.53,37.3,218.69,6.004,2
1/2/2006,8:54,8.54,37.6,221.51,6.142,2
1/2/2006,8:55,8.55,37.9,224.52,6.108,2
1/2/2006,8:56,8.56,38.2,227.14,6.055,2
1/2/2006,8:57,8.57,38.4,229.78,6.067,2
1/2/2006,8:58,8.58,38.7,232.24,6.129,2
1/2/2006,8:59,8.59,38.9,234.47,6.244,2
1/2/2006,9:00,9,39.2,236.9,6.377,2
1/2/2006,9:01,9.01,39.4,239.43,6.479,2
1/2/2006,9:02,9.02,39.6,242.28,6.579,2
1/2/2006,9:03,9.03,39.9,244.99,6.652,2
1/2/2006,9:04,9.04,40.1,248.08,6.656,2
1/2/2006,9:05,9.05,40.3,250.88,6.68,2
1/2/2006,9:06,9.06,40.6,252.87,6.768,2
1/2/2006,9:07,9.07,40.9,255.29,6.825,2
1/2/2006,9:08,9.08,41.2,257.9,6.81,2
1/2/2006,9:09,9.09,41.5,260.44,6.788,2
1/2/2006,9:10,9.1,41.8,263.02,6.824,2
1/2/2006,9:11,9.11,42.2,265.75,6.875,2
1/2/2006,9:12,9.12,42.7,268.38,6.884,2
1/2/2006,9:13,9.13,43.1,271.45,6.904,2
1/2/2006,9:14,9.14,43.6,274.34,6.638,2
1/2/2006,9:15,9.15,44,277.94,6.427,2
1/2/2006,9:16,9.16,44.4,281.43,6.417,2
1/2/2006,9:17,9.17,44.9,285.22,6.449,2
1/2/2006,9:18,9.18,45.3,288.15,6.516,2
1/2/2006,9:19,9.19,45.8,282.07,6.59,2
1/2/2006,9:20,9.2,46.2,290.87,6.663,2
1/2/2006,9:21,9.21,46.3,298.62,6.77,2
1/2/2006,9:22,9.22,46.3,302.42,6.929,2
1/2/2006,9:23,9.23,46.4,307.27,7.06,2
1/2/2006,9:24,9.24,46.4,309.61,7.22,2
1/2/2006,9:25,9.25,46.5,310.24,7.29,3
1/2/2006,9:26,9.26,46.5,313.74,7.31,2
1/2/2006,9:27,9.27,46.5,316.08,7.36,3
1/2/2006,9:28,9.28,46.5,317.87,7.42,3
1/2/2006,9:29,9.29,46.5,319.84,7.46,3
1/2/2006,9:30,9.3,46.5,317.24,7.43,3
1/2/2006,9:31,9.31,46.5,318.57,7.37,2
1/2/2006,9:32,9.32,46.5,321.98,7.23,2
1/2/2006,9:33,9.33,46.6,308.36,7.04,2
1/2/2006,9:34,9.34,46.6,299.67,6.813,2
1/2/2006,9:35,9.35,46.6,309.93,6.63,2
1/2/2006,9:36,9.36,47,309.59,6.454,2
1/2/2006,9:37,9.37,47.4,326.67,6.348,2
1/2/2006,9:38,9.38,47.8,334.19,6.183,2
1/2/2006,9:39,9.39,48.2,340.69,6.094,2
1/2/2006,9:40,9.4,48.6,340.76,5.983,2
1/2/2006,9:41,9.41,48.6,341.12,5.935,2
1/2/2006,9:42,9.42,48.6,341.61,5.976,2
1/2/2006,9:43,9.43,48.6,339.68,5.987,1
1/2/2006,9:44,9.44,48.6,340.12,6.009,2
1/2/2006,9:45,9.45,48.6,341.48,6.079,2
1/2/2006,9:46,9.46,48.5,347.13,6.128,2
1/2/2006,9:47,9.47,48.4,349.43,6.165,2
1/2/2006,9:48,9.48,48.4,350.9,6.233,2
1/2/2006,9:49,9.49,48.3,352.62,6.308,2
1/2/2006,9:50,9.5,48.2,354.33,6.395,2
1/2/2006,9:51,9.51,48.2,356.31,6.494,2
1/2/2006,9:52,9.52,48.2,358.82,6.592,2
1/2/2006,9:53,9.53,48.3,360.67,6.697,2
1/2/2006,9:54,9.54,48.3,362.66,6.762,2
1/2/2006,9:55,9.55,48.3,364.5,6.77,2
1/2/2006,9:56,9.56,48.2,366.51,6.755,2
1/2/2006,9:57,9.57,48.1,368.63,6.764,2
1/2/2006,9:58,9.58,48,370.58,6.855,2
1/2/2006,9:59,9.59,47.9,373.04,6.838,2
1/2/2006,10:00,10,47.8,375.13,6.801,2
1/2/2006,10:01,10.01,48.1,377.08,6.718,2
1/2/2006,10:02,10.02,48.4,379.26,6.576,2
1/2/2006,10:03,10.03,48.6,381.01,6.443,2
1/2/2006,10:04,10.04,48.9,383.01,6.355,2
1/2/2006,10:05,10.05,49.2,385.07,6.317,2
1/2/2006,10:06,10.06,49.4,387.24,6.309,2
1/2/2006,10:07,10.07,49.5,389.53,6.3,2
1/2/2006,10:08,10.08,49.7,391.88,6.345,2
1/2/2006,10:09,10.09,49.8,394.21,6.44,2
1/2/2006,10:10,10.1,50,397.01,6.535,2
1/2/2006,10:11,10.11,49.2,397.21,6.64,2
1/2/2006,10:12,10.12,48.4,401.36,6.737,2
1/2/2006,10:13,10.13,47.6,402.33,6.798,2
1/2/2006,10:14,10.14,46.8,404.07,6.831,2
1/2/2006,10:15,10.15,46,405.22,6.848,2
1/2/2006,10:16,10.16,46.3,406.16,6.887,2
1/2/2006,10:17,10.17,46.6,407.5,6.974,2
1/2/2006,10:18,10.18,47,409.53,7.12,2
1/2/2006,10:19,10.19,47.3,411.37,7.22,2
1/2/2006,10:20,10.2,47.6,413.41,7.33,2
1/2/2006,10:21,10.21,48,415.25,7.25,2
1/2/2006,10:22,10.22,48.5,416.8,7.15,2
1/2/2006,10:23,10.23,48.9,411.77,7.11,2
1/2/2006,10:24,10.24,49.4,402.36,7.07,2
1/2/2006,10:25,10.25,49.8,408.8,7.03,2
1/2/2006,10:26,10.26,50.1,380.39,7.05,2
1/2/2006,10:27,10.27,50.4,370.18,7.11,2
1/2/2006,10:28,10.28,50.7,394.22,7.17,2
1/2/2006,10:29,10.29,51,427.88,7.23,2
1/2/2006,10:30,10.3,51.3,429.94,7.3,2
1/2/2006,10:31,10.31,51.8,430.57,7.39,2
1/2/2006,10:32,10.32,52.3,431.9,7.45,2
1/2/2006,10:33,10.33,52.9,433.76,7.54,2
1/2/2006,10:34,10.34,53.4,433.01,7.65,2
1/2/2006,10:35,10.35,53.9,436.48,7.67,2
1/2/2006,10:36,10.36,54.3,438.06,7.66,2
1/2/2006,10:37,10.37,54.7,439.14,7.7,2
1/2/2006,10:38,10.38,55,440.49,7.78,2
1/2/2006,10:39,10.39,55.4,441.91,7.91,2
1/2/2006,10:40,10.4,55.8,442.73,8.01,2
1/2/2006,10:41,10.41,56.3,444.23,8.07,2
1/2/2006,10:42,10.42,56.7,446.05,8.11,2
1/2/2006,10:43,10.43,57.2,447.27,8.14,2
1/2/2006,10:44,10.44,57.6,448.36,8.16,2
1/2/2006,10:45,10.45,58.1,449.69,8.21,2
1/2/2006,10:46,10.46,58.6,451.18,8.29,2
1/2/2006,10:47,10.47,59.1,452.39,8.41,2
1/2/2006,10:48,10.48,59.7,453.84,8.45,2
1/2/2006,10:49,10.49,60.2,454.69,8.49,2
1/2/2006,10:50,10.5,60.7,456.07,8.54,2
1/2/2006,10:51,10.51,61.2,457.2,8.56,2
1/2/2006,10:52,10.52,61.7,458.45,8.58,2
1/2/2006,10:53,10.53,62.3,459.41,8.65,2
1/2/2006,10:54,10.54,62.8,460.33,8.73,2
1/2/2006,10:55,10.55,63.3,460.85,8.78,2
1/2/2006,10:56,10.56,63.8,461.98,8.85,2
1/2/2006,10:57,10.57,64.2,462.92,8.92,1
1/2/2006,10:58,10.58,64.7,464.92,9.04,2
1/2/2006,10:59,10.59,65.1,466.32,9.21,2
1/2/2006,11:00,11,65.6,467.05,9.38,2
1/2/2006,11:01,11.01,66.1,468.73,9.45,2
1/2/2006,11:02,11.02,66.6,469.75,9.55,2
1/2/2006,11:03,11.03,67.1,469.81,9.69,1
1/2/2006,11:04,11.04,67.6,471.91,9.77,2
1/2/2006,11:05,11.05,68.1,473.84,9.77,2
1/2/2006,11:06,11.06,68.3,474.27,9.85,2
1/2/2006,11:07,11.07,68.5,474.26,9.97,2
1/2/2006,11:08,11.08,68.8,475.44,10.02,2
1/2/2006,11:09,11.09,69,475.99,10.03,2
1/2/2006,11:10,11.1,69.2,476.79,10.15,2
1/2/2006,11:11,11.11,69.1,477.57,10.24,2
1/2/2006,11:12,11.12,69,477.99,10.22,2
1/2/2006,11:13,11.13,68.9,479.58,10.26,2
1/2/2006,11:14,11.14,68.8,480.89,10.31,2
1/2/2006,11:15,11.15,68.7,481.72,10.35,2
1/2/2006,11:16,11.16,68.7,483.32,10.41,2
1/2/2006,11:17,11.17,68.6,483.85,10.44,2
1/2/2006,11:18,11.18,68.6,484.68,10.47,2
1/2/2006,11:19,11.19,68.5,485.55,10.53,2
1/2/2006,11:20,11.2,68.5,485.68,10.73,2
1/2/2006,11:21,11.21,68.4,486.35,10.91,2
1/2/2006,11:22,11.22,68.3,488.39,10.96,2
1/2/2006,11:23,11.23,68.2,489.79,10.88,2
1/2/2006,11:24,11.24,68.1,490.29,10.81,2
1/2/2006,11:25,11.25,68,490.89,10.88,2
1/2/2006,11:26,11.26,68,488.83,10.96,2
1/2/2006,11:27,11.27,67.9,488.9,11.04,3
1/2/2006,11:28,11.28,67.9,482.26,10.99,3
1/2/2006,11:29,11.29,67.8,474.25,10.83,3
1/2/2006,11:30,11.3,67.8,473.46,10.7,3
1/2/2006,11:31,11.31,67.7,480.24,10.71,3
1/2/2006,11:32,11.32,67.7,474.97,10.78,4
1/2/2006,11:33,11.33,67.6,466.64,10.91,4
1/2/2006,11:34,11.34,67.6,463.32,11,5
1/2/2006,11:35,11.35,67.5,450.24,11.06,6
1/2/2006,11:36,11.36,67.5,431.98,11.08,6
1/2/2006,11:37,11.37,67.5,432.9,10.9,7
1/2/2006,11:38,11.38,67.6,441.38,10.54,7
1/2/2006,11:39,11.39,67.6,445.88,10.24,8
1/2/2006,11:40,11.4,67.6,428.71,10.04,8
1/2/2006,11:41,11.41,67.5,401.65,9.86,8
1/2/2006,11:42,11.42,67.5,397.98,9.68,9
1/2/2006,11:43,11.43,67.4,400.83,9.46,9
1/2/2006,11:44,11.44,67.4,394.18,9.32,10
1/2/2006,11:45,11.45,67.3,374.73,9.23,10
1/2/2006,11:46,11.46,67.2,349.14,9.24,10
1/2/2006,11:47,11.47,67.1,358.85,9.31,10
1/2/2006,11:48,11.48,67.1,371.31,9.39,10
1/2/2006,11:49,11.49,67,380.09,9.42,11
1/2/2006,11:50,11.5,66.9,369.94,9.41,11
1/2/2006,11:51,11.51,66.6,399.95,9.36,11
1/2/2006,11:52,11.52,66.3,395.79,9.4,11
1/2/2006,11:53,11.53,66.1,377.06,9.39,10
1/2/2006,11:54,11.54,65.8,387.96,9.26,10
1/2/2006,11:55,11.55,65.5,394.18,9.18,10
1/2/2006,11:56,11.56,65.4,397.83,9.21,10
1/2/2006,11:57,11.57,65.3,419.93,9.35,10
1/2/2006,11:58,11.58,65.2,411.51,9.41,9
1/2/2006,11:59,11.59,65.1,387.72,9.42,10
1/2/2006,12:00,12,65,372.97,9.42,10
1/2/2006,12:01,12.01,64.9,404.33,9.43,10
1/2/2006,12:02,12.02,64.9,422.54,9.5,9
1/2/2006,12:03,12.03,64.8,433.26,9.57,9
1/2/2006,12:04,12.04,64.8,442.57,9.62,9
1/2/2006,12:05,12.05,64.7,462.41,9.64,7
1/2/2006,12:06,12.06,64.6,478.44,9.71,7
1/2/2006,12:07,12.07,64.5,469.91,9.83,7
1/2/2006,12:08,12.08,64.4,475.99,9.97,7
1/2/2006,12:09,12.09,64.3,489.96,10.12,6
1/2/2006,12:10,12.1,64.2,488.41,10.18,7
1/2/2006,12:11,12.11,64.1,475.44,10.18,7
1/2/2006,12:12,12.12,64,467.43,10.1,7
1/2/2006,12:13,12.13,63.8,460.74,10,7
1/2/2006,12:14,12.14,63.7,469.02,9.93,7
1/2/2006,12:15,12.15,63.6,460.97,9.98,7
1/2/2006,12:16,12.16,63.4,458.58,10.14,7
1/2/2006,12:17,12.17,63.2,443.42,10.21,8
1/2/2006,12:18,12.18,62.9,446.09,10.26,7
1/2/2006,12:19,12.19,62.7,458.93,10.31,7
1/2/2006,12:20,12.2,62.5,485.61,10.27,7
1/2/2006,12:21,12.21,62.1,488.54,10.26,7
1/2/2006,12:22,12.22,61.6,480.75,10.31,5
1/2/2006,12:23,12.23,61.2,499.07,10.39,5
1/2/2006,12:24,12.24,60.7,462.85,10.52,4
1/2/2006,12:25,12.25,60.3,447.48,10.74,4
1/2/2006,12:26,12.26,59.8,461.16,10.96,4
1/2/2006,12:27,12.27,59.2,510.69,11.17,4
1/2/2006,12:28,12.28,58.7,508.97,11.35,3
1/2/2006,12:29,12.29,58.1,510.7,11.49,3
1/2/2006,12:30,12.3,57.6,510.16,11.51,3
1/2/2006,12:31,12.31,57.4,508.26,11.61,3
1/2/2006,12:32,12.32,57.1,509.14,11.81,3
1/2/2006,12:33,12.33,56.9,473.83,11.92,3
1/2/2006,12:34,12.34,56.6,497.17,11.98,3
1/2/2006,12:35,12.35,56.4,510.34,12.08,3
1/2/2006,12:36,12.36,56.3,501.99,12.23,2
1/2/2006,12:37,12.37,56.2,481.55,12.2,3
1/2/2006,12:38,12.38,56,481.13,12.13,3
1/2/2006,12:39,12.39,55.9,497.37,12.23,3
1/2/2006,12:40,12.4,55.8,504.46,12.4,3
1/2/2006,12:41,12.41,55.7,464.3,12.61,4
1/2/2006,12:42,12.42,55.5,480.9,12.8,4
1/2/2006,12:43,12.43,55.4,488.51,12.84,4
1/2/2006,12:44,12.44,55.2,407.26,12.69,4
1/2/2006,12:45,12.45,55.1,491.16,12.52,4
1/2/2006,12:46,12.46,54.8,325.93,12.52,4
1/2/2006,12:47,12.47,54.5,437.73,12.57,6
1/2/2006,12:48,12.48,54.1,504.75,12.7,4
1/2/2006,12:49,12.49,53.8,493.17,12.83,4
1/2/2006,12:50,12.5,53.5,502.65,12.94,4
1/2/2006,12:51,12.51,53,468.16,13.11,4
1/2/2006,12:52,12.52,52.5,434.13,13.38,4
1/2/2006,12:53,12.53,52,496.79,13.69,4
1/2/2006,12:54,12.54,51.5,501.51,13.93,5
1/2/2006,12:55,12.55,51,502.43,14.14,4
1/2/2006,12:56,12.56,50.8,348.18,13.96,4
1/2/2006,12:57,12.57,50.5,454.26,13.68,4
1/2/2006,12:58,12.58,50.3,496.79,13.55,5
1/2/2006,12:59,12.59,50,494.99,13.68,4
1/2/2006,13:00,13,49.8,491.85,13.85,4
1/2/2006,13:01,13.01,49.2,489.97,14,4
1/2/2006,13:02,13.02,48.7,497.38,14.08,4
1/2/2006,13:03,13.03,48.1,485.71,14.21,4
1/2/2006,13:04,13.04,47.6,486.34,14.42,5
1/2/2006,13:05,13.05,47,479.83,14.55,3
1/2/2006,13:06,13.06,46.4,285.35,14.42,4
1/2/2006,13:07,13.07,45.9,274.07,14.28,6
1/2/2006,13:08,13.08,45.3,485.14,14.27,4
1/2/2006,13:09,13.09,44.8,483.65,14.45,5
1/2/2006,13:10,13.1,44.2,484,14.74,5
1/2/2006,13:11,13.11,44,429.49,14.93,4
1/2/2006,13:12,13.12,43.8,358.77,15.2,4
1/2/2006,13:13,13.13,43.5,361.31,15.19,6
1/2/2006,13:14,13.14,43.3,470.38,15.24,4
1/2/2006,13:15,13.15,43.1,474.91,15.38,4
1/2/2006,13:16,13.16,44.6,473.46,15.66,4
1/2/2006,13:17,13.17,46.2,473.45,15.91,5
1/2/2006,13:18,13.18,47.7,472.57,16.08,4
1/2/2006,13:19,13.19,49.3,446.9,16.16,3
1/2/2006,13:20,13.2,50.8,467.65,16.2,4
1/2/2006,13:21,13.21,51,466.48,16.27,4
1/2/2006,13:22,13.22,51.3,464.52,16.37,3
1/2/2006,13:23,13.23,51.5,463.2,16.47,3
1/2/2006,13:24,13.24,51.8,462.21,16.56,3
1/2/2006,13:25,13.25,52,462.71,16.75,3
1/2/2006,13:26,13.26,52.9,444.26,16.88,2
1/2/2006,13:27,13.27,53.8,451.67,16.87,2
1/2/2006,13:28,13.28,54.8,454.26,16.9,2
1/2/2006,13:29,13.29,55.7,453.25,17.02,2
1/2/2006,13:30,13.3,56.6,451.1,16.99,2
1/2/2006,13:31,13.31,56.7,450.87,16.89,2
1/2/2006,13:32,13.32,56.8,449.76,16.92,2
1/2/2006,13:33,13.33,57,448.41,16.88,3
1/2/2006,13:34,13.34,57.1,446.85,16.84,2
1/2/2006,13:35,13.35,57.2,445.14,16.86,2
1/2/2006,13:36,13.36,56.5,442.66,16.94,2
1/2/2006,13:37,13.37,55.8,442.5,16.96,2
1/2/2006,13:38,13.38,55,441.9,17.09,2
1/2/2006,13:39,13.39,54.3,440.78,17.09,2
1/2/2006,13:40,13.4,53.6,439.93,17.15,2
1/2/2006,13:41,13.41,53.3,438.62,17.06,3
1/2/2006,13:42,13.42,53,435.57,16.97,2
1/2/2006,13:43,13.43,52.7,432.18,17.07,2
1/2/2006,13:44,13.44,52.4,427.84,17.12,2
1/2/2006,13:45,13.45,52.1,427.65,17.11,2
1/2/2006,13:46,13.46,51.1,425.33,17.13,2
1/2/2006,13:47,13.47,50.1,423.3,17.19,2
1/2/2006,13:48,13.48,49.2,421.34,17.05,1
1/2/2006,13:49,13.49,48.2,419.83,17.02,1
1/2/2006,13:50,13.5,47.2,418.22,16.98,1
1/2/2006,13:51,13.51,47.9,416.58,16.92,1
1/2/2006,13:52,13.52,48.6,414.75,16.83,1
1/2/2006,13:53,13.53,49.2,413.43,16.77,1
1/2/2006,13:54,13.54,49.9,412.37,16.79,1
1/2/2006,13:55,13.55,50.6,410.54,16.89,1
1/2/2006,13:56,13.56,51.3,408.97,16.92,1
1/2/2006,13:57,13.57,51.9,406.94,16.94,1
1/2/2006,13:58,13.58,52.6,405.51,16.87,1
1/2/2006,13:59,13.59,53.2,402.55,16.93,1
1/2/2006,14:00,14,53.9,398.14,16.88,1
1/2/2006,14:01,14.01,54.1,398.99,16.91,1
1/2/2006,14:02,14.02,54.2,397.94,17.04,1
1/2/2006,14:03,14.03,54.4,396.33,17.14,1
1/2/2006,14:04,14.04,54.5,394.79,17.11,1
1/2/2006,14:05,14.05,54.7,392.97,17.01,1
1/2/2006,14:06,14.06,54.5,390.69,16.81,1
1/2/2006,14:07,14.07,54.3,388.95,16.73,1
1/2/2006,14:08,14.08,54.2,387.26,16.71,1
1/2/2006,14:09,14.09,54,384.98,16.68,1
1/2/2006,14:10,14.1,53.8,383.29,16.73,1
1/2/2006,14:11,14.11,53.3,381.34,16.71,1
1/2/2006,14:12,14.12,52.8,379.36,16.72,1
1/2/2006,14:13,14.13,52.3,377.46,16.8,1
1/2/2006,14:14,14.14,51.8,375.66,16.81,1
1/2/2006,14:15,14.15,51.3,373.82,16.73,1
1/2/2006,14:16,14.16,50.7,372.51,16.68,1
1/2/2006,14:17,14.17,50.2,370.77,16.54,1
1/2/2006,14:18,14.18,49.6,368.29,16.52,1
1/2/2006,14:19,14.19,49.1,366.24,16.56,1
1/2/2006,14:20,14.2,48.5,364.43,16.62,1
1/2/2006,14:21,14.21,45.4,362.6,16.67,1
1/2/2006,14:22,14.22,42.4,360.28,16.65,1
1/2/2006,14:23,14.23,39.3,358.15,16.71,1
1/2/2006,14:24,14.24,36.3,356.27,16.77,1
1/2/2006,14:25,14.25,33.2,354.21,16.84,1
1/2/2006,14:26,14.26,31.4,352.03,16.86,1
1/2/2006,14:27,14.27,29.5,349.33,16.8,1
1/2/2006,14:28,14.28,27.7,347.35,16.81,1
1/2/2006,14:29,14.29,25.8,345.38,16.82,1
1/2/2006,14:30,14.3,24,342.8,16.81,1
1/2/2006,14:31,14.31,24,341.54,16.82,1
1/2/2006,14:32,14.32,24.1,339.2,16.86,1
1/2/2006,14:33,14.33,24.1,336.36,16.84,1
1/2/2006,14:34,14.34,24.2,334.21,16.76,1
1/2/2006,14:35,14.35,24.2,331.45,16.76,1
1/2/2006,14:36,14.36,24.8,328.97,16.79,1
1/2/2006,14:37,14.37,25.4,326.73,16.8,1
1/2/2006,14:38,14.38,26.1,324.6,16.83,1
1/2/2006,14:39,14.39,26.7,321.95,16.81,1
1/2/2006,14:40,14.4,27.3,319.42,16.79,1
1/2/2006,14:41,14.41,28.6,316.83,16.82,1
1/2/2006,14:42,14.42,30,314.79,16.8,1
1/2/2006,14:43,14.43,31.3,312.58,16.77,1
1/2/2006,14:44,14.44,32.7,310.05,16.79,1
1/2/2006,14:45,14.45,34,307.35,16.84,1
1/2/2006,14:46,14.46,33.3,305,16.88,1
1/2/2006,14:47,14.47,32.7,302.17,16.85,1
1/2/2006,14:48,14.48,32,299.56,16.85,1
1/2/2006,14:49,14.49,31.4,297.24,16.91,1
1/2/2006,14:50,14.5,30.7,294.88,16.99,1
1/2/2006,14:51,14.51,30.5,292.41,17,1
1/2/2006,14:52,14.52,30.3,289.77,17.01,1
1/2/2006,14:53,14.53,30.1,287.46,16.98,1
1/2/2006,14:54,14.54,29.9,285.28,16.96,1
1/2/2006,14:55,14.55,29.7,282.78,16.91,1
1/2/2006,14:56,14.56,29.7,280.53,16.91,1
1/2/2006,14:57,14.57,29.7,277.27,16.9,1
1/2/2006,14:58,14.58,29.8,275.23,16.85,1
1/2/2006,14:59,14.59,29.8,272.54,16.86,1
1/2/2006,15:00,15,29.8,270.07,16.87,1
1/2/2006,15:01,15.01,30.5,267.61,16.92,1
1/2/2006,15:02,15.02,31.2,262.39,16.96,1
1/2/2006,15:03,15.03,31.8,262.09,16.99,1
1/2/2006,15:04,15.04,32.5,259.23,17.03,1
1/2/2006,15:05,15.05,33.2,257.06,17.03,1
1/2/2006,15:06,15.06,33.3,254.69,17.04,1
1/2/2006,15:07,15.07,33.4,252.37,17.03,1
1/2/2006,15:08,15.08,33.6,248.87,16.97,1
1/2/2006,15:09,15.09,33.7,247.47,16.89,1
1/2/2006,15:10,15.1,33.8,244.5,16.87,1
1/2/2006,15:11,15.11,33.1,241.51,16.86,1
1/2/2006,15:12,15.12,32.4,238.97,16.89,1
1/2/2006,15:13,15.13,31.6,235.2,16.91,1
1/2/2006,15:14,15.14,30.9,231.14,16.84,1
1/2/2006,15:15,15.15,30.2,229.83,16.78,1
1/2/2006,15:16,15.16,29.7,226.31,16.74,1
1/2/2006,15:17,15.17,29.2,220.66,16.73,1
1/2/2006,15:18,15.18,28.8,221.59,16.7,1
1/2/2006,15:19,15.19,28.3,218.77,16.67,1
1/2/2006,15:20,15.2,27.8,216.22,16.64,1
1/2/2006,15:21,15.21,27.1,213.61,16.64,1
1/2/2006,15:22,15.22,26.4,210.71,16.63,1
1/2/2006,15:23,15.23,25.7,208.52,16.64,1
1/2/2006,15:24,15.24,25,205.86,16.6,1
1/2/2006,15:25,15.25,24.3,203.23,16.58,1
1/2/2006,15:26,15.26,23.6,200.63,16.58,1
1/2/2006,15:27,15.27,22.8,198.04,16.58,1
1/2/2006,15:28,15.28,22.1,195.59,16.57,1
1/2/2006,15:29,15.29,21.3,193.34,16.49,1
1/2/2006,15:30,15.3,20.6,190.52,16.45,2
1/2/2006,15:31,15.31,20,187.79,16.48,2
1/2/2006,15:32,15.32,19.5,185.17,16.49,1
1/2/2006,15:33,15.33,18.9,182.59,16.51,1
1/2/2006,15:34,15.34,18.4,180.29,16.51,2
1/2/2006,15:35,15.35,17.8,178.06,16.46,1
1/2/2006,15:36,15.36,18.1,175.15,16.42,2
1/2/2006,15:37,15.37,18.5,172.27,16.35,2
1/2/2006,15:38,15.38,18.8,169.34,16.28,2
1/2/2006,15:39,15.39,19.2,166.45,16.25,2
1/2/2006,15:40,15.4,19.5,163.46,16.21,1
1/2/2006,15:41,15.41,19,161.07,16.15,1
1/2/2006,15:42,15.42,18.6,158.91,16.09,1
1/2/2006,15:43,15.43,18.1,155.81,16.05,1
1/2/2006,15:44,15.44,17.7,152.34,16,1
1/2/2006,15:45,15.45,17.2,149.17,15.97,1
1/2/2006,15:46,15.46,16.3,146.72,15.94,1
1/2/2006,15:47,15.47,15.4,140.81,15.92,1
1/2/2006,15:48,15.48,14.5,139.33,15.89,1
1/2/2006,15:49,15.49,13.6,140.32,15.84,1
1/2/2006,15:50,15.5,12.7,137.06,15.81,1
1/2/2006,15:51,15.51,12.6,133.78,15.78,1
1/2/2006,15:52,15.52,12.5,130.59,15.77,1
1/2/2006,15:53,15.53,12.4,127.81,15.73,1
1/2/2006,15:54,15.54,12.3,125.03,15.68,1
1/2/2006,15:55,15.55,12.2,122.16,15.65,1
1/2/2006,15:56,15.56,12,119.17,15.62,1
1/2/2006,15:57,15.57,11.8,116.13,15.6,1
1/2/2006,15:58,15.58,11.6,113.9,15.58,1
1/2/2006,15:59,15.59,11.4,111.54,15.54,1
1/2/2006,16:00,16,11.2,108.57,15.52,1
1/2/2006,16:01,16.01,11,105.09,15.51,1
1/2/2006,16:02,16.02,10.8,103.06,15.49,1
1/2/2006,16:03,16.03,10.6,98.909,15.46,1
1/2/2006,16:04,16.04,10.4,96.057,15.43,1
1/2/2006,16:05,16.05,10.2,79.67,15.4,1
1/2/2006,16:06,16.06,11.2,89.934,15.37,1
1/2/2006,16:07,16.07,12.2,86.923,15.34,1
1/2/2006,16:08,16.08,13.2,52.216,15.31,1
1/2/2006,16:09,16.09,14.2,44.214,15.26,1
1/2/2006,16:10,16.1,2.5,53.072,15.21,1
1/2/2006,16:11,16.11,2.1,58.899,15.14,1
1/2/2006,16:12,16.12,1.7,57.518,15.11,1
1/2/2006,16:13,16.13,1.2,36.605,15.07,1
1/2/2006,16:14,16.14,0.8,34.671,15.04,1
1/2/2006,16:15,16.15,0.4,27.427,15.02,1
1/2/2006,16:16,16.16,0.4,21.804,14.99,1
1/2/2006,16:17,16.17,0.4,18.819,14.98,1
1/2/2006,16:18,16.18,0.4,17.224,14.94,1
1/2/2006,16:19,16.19,0.3,16.164,14.9,1
1/2/2006,16:20,16.2,0.3,15.299,14.86,1
1/2/2006,16:21,16.21,0.3,14.444,14.82,1
1/2/2006,16:22,16.22,0.3,13.669,14.79,1
1/2/2006,16:23,16.23,0.3,12.965,14.76,1
1/2/2006,16:24,16.24,0.3,12.306,14.72,1
1/2/2006,16:25,16.25,0.3,11.673,14.65,1
1/2/2006,16:26,16.26,0.3,11.112,14.59,-1
1/2/2006,16:27,16.27,0.2,10.621,14.54,-1
1/2/2006,16:28,16.28,0.2,10.105,14.54,-1
1/2/2006,16:29,16.29,0.2,9.5165,14.55,-1
1/2/2006,16:30,16.3,0.2,9.0442,14.55,-1
1/2/2006,16:31,16.31,0.2,8.5274,14.54,-1
1/2/2006,16:32,16.32,0.2,8.0819,14.51,-1
1/2/2006,16:33,16.33,0.2,7.6364,14.45,-1
1/2/2006,16:34,16.34,0.1,7.2265,14.39,-1
1/2/2006,16:35,16.35,0.1,6.7453,14.37,-1
1/2/2006,16:36,16.36,0.1,6.2552,14.35,-1
1/2/2006,16:37,16.37,0.1,5.8453,14.29,-1
1/2/2006,16:38,16.38,0.1,5.4265,14.23,-1
1/2/2006,16:39,16.39,0.1,5.0077,14.16,-1
1/2/2006,16:40,16.4,0.1,4.58,14.12,-1
1/2/2006,16:41,16.41,0.1,4.1969,14.1,-1
1/2/2006,16:42,16.42,0,3.8137,14.04,-1
1/2/2006,16:43,16.43,0,3.5019,13.97,-1
1/2/2006,16:44,16.44,0,3.1989,13.94,-1
1/2/2006,16:45,16.45,0,2.8425,13.95,-1
1/3/2006,7:25,7.25,0,11.451,6.562,-1
1/3/2006,7:26,7.26,0,13.295,6.507,-1
1/3/2006,7:27,7.27,0,15.291,6.466,-1
1/3/2006,7:28,7.28,0.1,17.091,6.441,-1
1/3/2006,7:29,7.29,0.1,18.446,6.456,-1
1/3/2006,7:30,7.3,0.1,19.791,6.439,-1
1/3/2006,7:31,7.31,0.1,21.262,6.364,-1
1/3/2006,7:32,7.32,0.1,22.661,6.328,-1
1/3/2006,7:33,7.33,0.2,24.505,6.298,-1
1/3/2006,7:34,7.34,0.2,27.196,6.322,-1
1/3/2006,7:35,7.35,0.2,30.244,6.377,-1
1/3/2006,7:36,7.36,0.3,32.748,6.483,-1
1/3/2006,7:37,7.37,0.5,35.029,6.555,-1
1/3/2006,7:38,7.38,0.6,38.184,6.66,-1
1/3/2006,7:39,7.39,0.8,42.06,6.671,-1
1/3/2006,7:40,7.4,0.9,46.703,6.66,-1
1/3/2006,7:41,7.41,1.4,52.103,6.634,-1
1/3/2006,7:42,7.42,1.9,59.633,6.588,-1
1/3/2006,7:43,7.43,2.4,68.767,6.612,-1
1/3/2006,7:44,7.44,2.9,77.882,6.693,-1
1/3/2006,7:45,7.45,3.4,85.555,6.801,-1
1/3/2006,7:46,7.46,4.7,90.857,6.865,-1
1/3/2006,7:47,7.47,6,94.68,6.84,89
1/3/2006,7:48,7.48,7.2,97.727,6.806,92
1/3/2006,7:49,7.49,8.5,99.821,6.82,95
1/3/2006,7:50,7.5,9.8,100.04,6.873,97
1/3/2006,7:51,7.51,10.4,98.075,6.921,97
1/3/2006,7:52,7.52,10.9,95.375,6.948,98
1/3/2006,7:53,7.53,11.5,92.871,6.981,99
1/3/2006,7:54,7.54,12,91.659,7.06,99
1/3/2006,7:55,7.55,12.6,92.47,7.16,99
1/3/2006,7:56,7.56,13.3,94.903,7.22,99
1/3/2006,7:57,7.57,13.9,98.378,7.28,99
1/3/2006,7:58,7.58,14.6,101.27,7.45,98
1/3/2006,7:59,7.59,15.2,104.02,7.6,99
1/3/2006,8:00,8,15.9,108.27,7.68,99
1/3/2006,8:01,8.01,16.7,113.76,7.82,99
1/3/2006,8:02,8.02,17.5,119.38,8.09,99
1/3/2006,8:03,8.03,18.3,122.09,8.21,99
1/3/2006,8:04,8.04,19.1,123.69,8.27,99
1/3/2006,8:05,8.05,19.9,125.18,8.32,99
1/3/2006,8:06,8.06,20.8,126.16,8.4,100
1/3/2006,8:07,8.07,21.6,117.92,8.46,99
1/3/2006,8:08,8.08,22.5,93.664,8.42,99
1/3/2006,8:09,8.09,23.3,91.525,8.31,99
1/3/2006,8:10,8.1,24.2,74.906,8.23,98
1/3/2006,8:11,8.11,24.8,87.694,8.19,98
1/3/2006,8:12,8.12,25.3,102.4,8.14,96
1/3/2006,8:13,8.13,25.9,111.5,8.11,96
1/3/2006,8:14,8.14,26.4,132.36,8.07,94
1/3/2006,8:15,8.15,27,124.12,8.02,92
1/3/2006,8:16,8.16,27.5,112.38,7.91,89
1/3/2006,8:17,8.17,28,101.01,7.68,85
1/3/2006,8:18,8.18,28.4,97.398,7.46,80
1/3/2006,8:19,8.19,28.9,93.031,7.28,75
1/3/2006,8:20,8.2,29.4,90.385,7.12,72
1/3/2006,8:21,8.21,29.8,113.46,6.906,66
1/3/2006,8:22,8.22,30.3,95.687,6.71,41
1/3/2006,8:23,8.23,30.7,72.794,6.504,55
1/3/2006,8:24,8.24,31.2,65.318,6.257,45
1/3/2006,8:25,8.25,31.6,59,6.002,36
1/3/2006,8:26,8.26,32.1,56.38,5.735,25
1/3/2006,8:27,8.27,32.6,72.037,5.494,12
1/3/2006,8:28,8.28,33.1,102.89,5.319,6
1/3/2006,8:29,8.29,33.6,122.65,5.199,5
1/3/2006,8:30,8.3,34.1,85.403,5.116,2
1/3/2006,8:31,8.31,34.6,136.9,5.05,5
1/3/2006,8:32,8.32,35.2,116.15,5.02,2
1/3/2006,8:33,8.33,35.7,149.1,5.028,6
1/3/2006,8:34,8.34,36.3,174.79,5.074,3
1/3/2006,8:35,8.35,36.8,171.32,5.162,3
1/3/2006,8:36,8.36,37.2,175.62,5.253,4
1/3/2006,8:37,8.37,37.7,186.19,5.338,5
1/3/2006,8:38,8.38,38.1,191.12,5.425,7
1/3/2006,8:39,8.39,38.6,161.49,5.511,7
1/3/2006,8:40,8.4,39,153.23,5.591,11
1/3/2006,8:41,8.41,39.4,184.94,5.625,10
1/3/2006,8:42,8.42,39.8,185.34,5.655,7
1/3/2006,8:43,8.43,40.3,87.471,5.682,8
1/3/2006,8:44,8.44,40.7,83.835,5.679,10
1/3/2006,8:45,8.45,41.1,60.283,5.648,8
1/3/2006,8:46,8.46,41.4,52.744,5.593,8
1/3/2006,8:47,8.47,41.7,49.617,5.533,8
1/3/2006,8:48,8.48,42.1,47.327,5.47,8
1/3/2006,8:49,8.49,42.4,45.642,5.411,7
1/3/2006,8:50,8.5,42.7,45.161,5.342,6
1/3/2006,8:51,8.51,43,44.84,5.291,5
1/3/2006,8:52,8.52,43.4,46.132,5.248,5
1/3/2006,8:53,8.53,43.7,48.342,5.197,5
1/3/2006,8:54,8.54,44.1,81.625,5.149,4
1/3/2006,8:55,8.55,44.4,156.83,5.124,2
1/3/2006,8:56,8.56,44.7,62.983,5.127,2
1/3/2006,8:57,8.57,45.1,49.634,5.142,3
1/3/2006,8:58,8.58,45.4,47.425,5.15,3
1/3/2006,8:59,8.59,45.8,90.394,5.152,3
1/3/2006,9:00,9,46.1,85.76,5.156,1
1/3/2006,9:01,9.01,46.4,133.85,5.17,1
1/3/2006,9:02,9.02,46.8,247.55,5.191,1
1/3/2006,9:03,9.03,47.1,248.05,5.238,1
1/3/2006,9:04,9.04,47.4,250.53,5.31,0
1/3/2006,9:05,9.05,47.7,252.86,5.417,0
1/3/2006,9:06,9.06,48,255.24,5.54,0
1/3/2006,9:07,9.07,48.2,257.67,5.665,0
1/3/2006,9:08,9.08,48.5,259.97,5.786,0
1/3/2006,9:09,9.09,48.7,262.42,5.917,0
1/3/2006,9:10,9.1,49,264.67,6.036,0
1/3/2006,9:11,9.11,49.3,266.96,6.129,0
1/3/2006,9:12,9.12,49.7,269.02,6.217,0
1/3/2006,9:13,9.13,50,271.53,6.315,0
1/3/2006,9:14,9.14,50.4,274.44,6.419,0
1/3/2006,9:15,9.15,50.7,276.83,6.519,0
1/3/2006,9:16,9.16,51.1,278.91,6.611,0
1/3/2006,9:17,9.17,51.5,280.92,6.679,0
1/3/2006,9:18,9.18,51.9,283.45,6.751,0
1/3/2006,9:19,9.19,52.3,285.77,6.824,0
1/3/2006,9:20,9.2,52.7,288.37,6.891,25
1/3/2006,9:21,9.21,53.2,291.08,6.976,0
1/3/2006,9:22,9.22,53.7,293.75,7.08,1
1/3/2006,9:23,9.23,54.3,296.18,7.15,1
1/3/2006,9:24,9.24,54.8,299.02,7.2,0
1/3/2006,9:25,9.25,55.3,301.88,7.23,0
1/3/2006,9:26,9.26,55.6,304.2,7.24,1
1/3/2006,9:27,9.27,55.9,306.26,7.26,0
1/3/2006,9:28,9.28,56.2,308.65,7.28,0
1/3/2006,9:29,9.29,56.5,311.47,7.31,0
1/3/2006,9:30,9.3,56.8,313.53,7.33,0
1/3/2006,9:31,9.31,57,315.33,7.36,0
1/3/2006,9:32,9.32,57.2,317.77,7.4,0
1/3/2006,9:33,9.33,57.4,320.23,7.41,0
1/3/2006,9:34,9.34,57.6,322.61,7.42,0
1/3/2006,9:35,9.35,57.8,325.44,7.47,0
1/3/2006,9:36,9.36,58,327.84,7.52,0
1/3/2006,9:37,9.37,58.2,329.82,7.52,0
1/3/2006,9:38,9.38,58.4,332.76,7.51,0
1/3/2006,9:39,9.39,58.6,334.65,7.53,0
1/3/2006,9:40,9.4,58.8,336.83,7.53,0
1/3/2006,9:41,9.41,59,339.53,7.52,0
1/3/2006,9:42,9.42,59.3,342.23,7.52,0
1/3/2006,9:43,9.43,59.5,344.39,7.52,0
1/3/2006,9:44,9.44,59.8,346.52,7.54,0
1/3/2006,9:45,9.45,60,348.7,7.53,0
1/3/2006,9:46,9.46,60.3,350.77,7.51,0
1/3/2006,9:47,9.47,60.6,352.99,7.5,0
1/3/2006,9:48,9.48,60.8,354.93,7.51,0
1/3/2006,9:49,9.49,61.1,357.43,7.52,0
1/3/2006,9:50,9.5,61.4,359.92,7.57,0
1/3/2006,9:51,9.51,61.6,362.03,7.62,0
1/3/2006,9:52,9.52,61.8,364.44,7.68,0
1/3/2006,9:53,9.53,62.1,366.36,7.69,0
1/3/2006,9:54,9.54,62.3,368.48,7.71,0
1/3/2006,9:55,9.55,62.5,371.15,7.75,0
1/3/2006,9:56,9.56,62.7,373.81,7.8,0
1/3/2006,9:57,9.57,62.9,375.62,7.85,0
1/3/2006,9:58,9.58,63.1,378.58,7.88,0
1/3/2006,9:59,9.59,63.3,381.3,7.88,0
1/3/2006,10:00,10,63.5,383.43,7.88,0
1/3/2006,10:01,10.01,63.6,385.74,7.87,0
1/3/2006,10:02,10.02,63.8,387.62,7.9,0
1/3/2006,10:03,10.03,63.9,389.72,7.9,0
1/3/2006,10:04,10.04,64.1,392.14,7.95,0
1/3/2006,10:05,10.05,64.2,394.07,8.02,0
1/3/2006,10:06,10.06,64.4,395.69,8.06,0
1/3/2006,10:07,10.07,64.5,397.88,8.1,0
1/3/2006,10:08,10.08,64.7,399.86,8.12,0
1/3/2006,10:09,10.09,64.8,401.89,8.16,0
1/3/2006,10:10,10.1,65,404,8.1,0
1/3/2006,10:11,10.11,65.2,405.84,8.04,0
1/3/2006,10:12,10.12,65.4,408.22,8.05,0
1/3/2006,10:13,10.13,65.5,410.55,8.08,0
1/3/2006,10:14,10.14,65.7,412.42,8.07,0
1/3/2006,10:15,10.15,65.9,414.45,8.07,0
1/3/2006,10:16,10.16,66.1,416.66,8.04,0
1/3/2006,10:17,10.17,66.3,419.22,8.02,0
1/3/2006,10:18,10.18,66.4,421.89,8.03,0
1/3/2006,10:19,10.19,66.6,423.62,8.03,0
1/3/2006,10:20,10.2,66.8,425.18,8.04,0
1/3/2006,10:21,10.21,67,427.47,8.03,0
1/3/2006,10:22,10.22,67.2,429.14,8.04,0
1/3/2006,10:23,10.23,67.5,429.76,8.07,0
1/3/2006,10:24,10.24,67.7,431.83,8.13,0
1/3/2006,10:25,10.25,67.9,433.88,8.19,0
1/3/2006,10:26,10.26,68.1,435.57,8.21,0
1/3/2006,10:27,10.27,68.3,437.69,8.24,0
1/3/2006,10:28,10.28,68.6,438.42,8.21,0
1/3/2006,10:29,10.29,68.8,439.7,8.24,1
1/3/2006,10:30,10.3,69,440.83,8.29,0
1/3/2006,10:31,10.31,69.1,442.83,8.36,0
1/3/2006,10:32,10.32,69.3,445.02,8.3,0
1/3/2006,10:33,10.33,69.4,446.43,8.27,0
1/3/2006,10:34,10.34,69.6,447.66,8.32,0
1/3/2006,10:35,10.35,69.7,449.4,8.34,0
1/3/2006,10:36,10.36,69.8,450.67,8.4,0
1/3/2006,10:37,10.37,70,451.91,8.45,0
1/3/2006,10:38,10.38,70.1,453.41,8.54,0
1/3/2006,10:39,10.39,70.3,454.78,8.57,0
1/3/2006,10:40,10.4,70.4,456.12,8.57,0
1/3/2006,10:41,10.41,70.5,457.18,8.57,0
1/3/2006,10:42,10.42,70.6,458.43,8.57,0
1/3/2006,10:43,10.43,70.6,459.85,8.64,0
1/3/2006,10:44,10.44,70.7,461.42,8.67,0
1/3/2006,10:45,10.45,70.8,462.26,8.68,0
1/3/2006,10:46,10.46,70.9,464.13,8.7,0
1/3/2006,10:47,10.47,71,465.66,8.68,0
1/3/2006,10:48,10.48,71,466.32,8.67,0
1/3/2006,10:49,10.49,71.1,467.95,8.68,0
1/3/2006,10:50,10.5,71.2,468.82,8.68,0
1/3/2006,10:51,10.51,71.5,470.57,8.65,0
1/3/2006,10:52,10.52,71.8,471.97,8.67,0
1/3/2006,10:53,10.53,72.2,473.26,8.64,0
1/3/2006,10:54,10.54,72.5,474.68,8.6,0
1/3/2006,10:55,10.55,72.8,475.82,8.57,0
1/3/2006,10:56,10.56,72.8,476.91,8.54,0
1/3/2006,10:57,10.57,72.9,477.39,8.62,0
1/3/2006,10:58,10.58,72.9,478.47,8.71,0
1/3/2006,10:59,10.59,73,479.67,8.69,0
1/3/2006,11:00,11,73,480.99,8.7,0
1/3/2006,11:01,11.01,72.9,481.6,8.69,1
1/3/2006,11:02,11.02,72.9,482.86,8.78,0
1/3/2006,11:03,11.03,72.8,483.43,8.74,0
1/3/2006,11:04,11.04,72.8,484.64,8.7,0
1/3/2006,11:05,11.05,72.7,485.81,8.72,0
1/3/2006,11:06,11.06,72.7,487.04,8.71,0
1/3/2006,11:07,11.07,72.7,487.89,8.66,0
1/3/2006,11:08,11.08,72.8,488.81,8.56,0
1/3/2006,11:09,11.09,72.8,490.21,8.56,0
1/3/2006,11:10,11.1,72.8,491.02,8.62,0
1/3/2006,11:11,11.11,72.9,492.21,8.62,0
1/3/2006,11:12,11.12,73,493.62,8.58,0
1/3/2006,11:13,11.13,73,494.88,8.52,0
1/3/2006,11:14,11.14,73.1,495.95,8.57,0
1/3/2006,11:15,11.15,73.2,497.09,8.63,0
1/3/2006,11:16,11.16,73.4,497.42,8.66,0
1/3/2006,11:17,11.17,73.5,497.67,8.7,1
1/3/2006,11:18,11.18,73.7,497.77,8.65,1
1/3/2006,11:19,11.19,73.8,498.07,8.61,0
1/3/2006,11:20,11.2,74,499.78,8.6,1
1/3/2006,11:21,11.21,74,501.13,8.54,0
1/3/2006,11:22,11.22,74,502.87,8.55,0
1/3/2006,11:23,11.23,74.1,503.4,8.45,0
1/3/2006,11:24,11.24,74.1,503.66,8.41,0
1/3/2006,11:25,11.25,74.1,504.38,8.48,0
1/3/2006,11:26,11.26,74,505.26,8.42,0
1/3/2006,11:27,11.27,73.9,506.65,8.31,0
1/3/2006,11:28,11.28,73.9,507.87,8.33,0
1/3/2006,11:29,11.29,73.8,508.85,8.23,0
1/3/2006,11:30,11.3,73.7,509.97,8.18,1
1/3/2006,11:31,11.31,73.6,510.58,8.19,1
1/3/2006,11:32,11.32,73.5,511.48,8.18,1
1/3/2006,11:33,11.33,73.3,511.49,8.22,1
1/3/2006,11:34,11.34,73.2,512.91,8.26,1
1/3/2006,11:35,11.35,73.1,512.94,8.23,1
1/3/2006,11:36,11.36,73.2,513.28,8.24,0
1/3/2006,11:37,11.37,73.2,513.62,8.25,0
1/3/2006,11:38,11.38,73.3,513.76,8.22,1
1/3/2006,11:39,11.39,73.3,514.08,8.22,0
1/3/2006,11:40,11.4,73.4,514.43,8.24,0
1/3/2006,11:41,11.41,73.4,515.24,8.33,0
1/3/2006,11:42,11.42,73.4,515.9,8.4,1
1/3/2006,11:43,11.43,73.4,516.28,8.53,1
1/3/2006,11:44,11.44,73.4,516.02,8.54,1
1/3/2006,11:45,11.45,73.4,516.97,8.51,1
1/3/2006,11:46,11.46,73.3,516.84,8.54,1
1/3/2006,11:47,11.47,73.3,517.54,8.69,1
1/3/2006,11:48,11.48,73.2,518.2,8.78,1
1/3/2006,11:49,11.49,73.2,518.06,8.9,1
1/3/2006,11:50,11.5,73.1,518.53,9.03,1
1/3/2006,11:51,11.51,73.1,518.55,9.07,1
1/3/2006,11:52,11.52,73,518.75,9.2,1
1/3/2006,11:53,11.53,73,518.48,9.29,1
1/3/2006,11:54,11.54,72.9,518.33,9.32,1
1/3/2006,11:55,11.55,72.9,518.24,9.3,1
1/3/2006,11:56,11.56,72.9,518.28,9.31,1
1/3/2006,11:57,11.57,72.9,518.92,9.39,1
1/3/2006,11:58,11.58,73,518.81,9.5,1
1/3/2006,11:59,11.59,73,519.31,9.55,1
1/3/2006,12:00,12,73,518.7,9.52,1
1/3/2006,12:01,12.01,73,518.03,9.48,1
1/3/2006,12:02,12.02,72.9,517.52,9.41,1
1/3/2006,12:03,12.03,72.9,517.46,9.37,1
1/3/2006,12:04,12.04,72.8,517.21,9.44,1
1/3/2006,12:05,12.05,72.8,516.85,9.54,1
1/3/2006,12:06,12.06,72.8,516.65,9.52,1
1/3/2006,12:07,12.07,72.8,516.96,9.51,1
1/3/2006,12:08,12.08,72.7,518.13,9.47,1
1/3/2006,12:09,12.09,72.7,517.27,9.52,1
1/3/2006,12:10,12.1,72.7,516.48,9.67,1
1/3/2006,12:11,12.11,72.7,516.25,9.66,1
1/3/2006,12:12,12.12,72.8,516.57,9.65,1
1/3/2006,12:13,12.13,72.8,516.97,9.54,1
1/3/2006,12:14,12.14,72.9,516.65,9.5,1
1/3/2006,12:15,12.15,72.9,516.53,9.58,1
1/3/2006,12:16,12.16,72.9,517.02,9.68,1
1/3/2006,12:17,12.17,72.9,517.65,9.66,1
1/3/2006,12:18,12.18,73,517.5,9.56,1
1/3/2006,12:19,12.19,73,517.16,9.5,1
1/3/2006,12:20,12.2,73,516.8,9.44,1
1/3/2006,12:21,12.21,73.2,517.12,9.44,1
1/3/2006,12:22,12.22,73.3,517.32,9.46,1
1/3/2006,12:23,12.23,73.5,516.54,9.53,1
1/3/2006,12:24,12.24,73.6,517.99,9.6,1
1/3/2006,12:25,12.25,73.8,518.9,9.62,1
1/3/2006,12:26,12.26,73.9,517.99,9.61,1
1/3/2006,12:27,12.27,74.1,517.52,9.62,1
1/3/2006,12:28,12.28,74.2,517.63,9.65,1
1/3/2006,12:29,12.29,74.4,517.04,9.69,1
1/3/2006,12:30,12.3,74.5,517.91,9.73,1
1/3/2006,12:31,12.31,74.7,516.95,9.73,1
1/3/2006,12:32,12.32,74.9,517.91,9.82,1
1/3/2006,12:33,12.33,75.2,517.14,9.81,1
1/3/2006,12:34,12.34,75.4,516.56,9.77,1
1/3/2006,12:35,12.35,75.6,516.75,9.73,2
1/3/2006,12:36,12.36,75.4,516.5,9.77,1
1/3/2006,12:37,12.37,75.2,515.67,9.78,1
1/3/2006,12:38,12.38,74.9,515.26,9.75,1
1/3/2006,12:39,12.39,74.7,515.74,9.75,1
1/3/2006,12:40,12.4,74.5,515.41,9.81,1
1/3/2006,12:41,12.41,74.7,514.44,9.88,1
1/3/2006,12:42,12.42,74.9,513.38,9.82,1
1/3/2006,12:43,12.43,75.2,513.57,9.76,1
1/3/2006,12:44,12.44,75.4,513.46,9.72,1
1/3/2006,12:45,12.45,75.6,512.81,9.69,1
1/3/2006,12:46,12.46,75.6,512.97,9.69,2
1/3/2006,12:47,12.47,75.6,512.3,9.7,3
1/3/2006,12:48,12.48,75.6,512.09,9.69,3
1/3/2006,12:49,12.49,75.6,511.2,9.62,3
1/3/2006,12:50,12.5,75.6,511.51,9.64,2
1/3/2006,12:51,12.51,75.6,510.75,9.64,2
1/3/2006,12:52,12.52,75.6,509.8,9.65,2
1/3/2006,12:53,12.53,75.5,509.25,9.7,3
1/3/2006,12:54,12.54,75.5,508.34,9.73,3
1/3/2006,12:55,12.55,75.5,507.59,9.72,4
1/3/2006,12:56,12.56,75.5,506.35,9.73,6
1/3/2006,12:57,12.57,75.5,505.58,9.75,6
1/3/2006,12:58,12.58,75.4,504.44,9.77,6
1/3/2006,12:59,12.59,75.4,503.97,9.74,5
1/3/2006,13:00,13,75.4,503.49,9.73,5
1/3/2006,13:01,13.01,75.3,502.64,9.69,5
1/3/2006,13:02,13.02,75.2,500.89,9.68,6
1/3/2006,13:03,13.03,75,499.75,9.72,5
1/3/2006,13:04,13.04,74.9,499.06,9.73,5
1/3/2006,13:05,13.05,74.8,498.36,9.69,6
1/3/2006,13:06,13.06,74.8,497.6,9.68,6
1/3/2006,13:07,13.07,74.8,497.05,9.67,7
1/3/2006,13:08,13.08,74.8,494.9,9.65,8
1/3/2006,13:09,13.09,74.8,494.85,9.64,8
1/3/2006,13:10,13.1,74.8,493.16,9.63,8
1/3/2006,13:11,13.11,74.7,492.52,9.62,8
1/3/2006,13:12,13.12,74.6,490.26,9.63,7
1/3/2006,13:13,13.13,74.4,488.59,9.61,8
1/3/2006,13:14,13.14,74.3,488.09,9.59,9
1/3/2006,13:15,13.15,74.2,486.78,9.57,8
1/3/2006,13:16,13.16,74.1,486.09,9.56,7
1/3/2006,13:17,13.17,74,484.2,9.55,8
1/3/2006,13:18,13.18,73.9,483.53,9.54,9
1/3/2006,13:19,13.19,73.8,483.39,9.54,8
1/3/2006,13:20,13.2,73.7,481.13,9.51,7
1/3/2006,13:21,13.21,73.6,480.03,9.49,8
1/3/2006,13:22,13.22,73.5,479.83,9.43,8
1/3/2006,13:23,13.23,73.5,478.27,9.4,9
1/3/2006,13:24,13.24,73.4,476.37,9.47,8
1/3/2006,13:25,13.25,73.3,474.96,9.52,7
1/3/2006,13:26,13.26,73.2,473.6,9.52,8
1/3/2006,13:27,13.27,73,472.6,9.49,8
1/3/2006,13:28,13.28,72.9,470.51,9.45,9
1/3/2006,13:29,13.29,72.7,468.96,9.41,9
1/3/2006,13:30,13.3,72.6,467.46,9.38,9
1/3/2006,13:31,13.31,72.4,466.28,9.36,8
1/3/2006,13:32,13.32,72.3,464.85,9.35,8
1/3/2006,13:33,13.33,72.1,463,9.31,6
1/3/2006,13:34,13.34,72,463,9.24,7
1/3/2006,13:35,13.35,71.8,462.58,9.22,10
1/3/2006,13:36,13.36,71.7,460.97,9.18,9
1/3/2006,13:37,13.37,71.6,458.77,9.1,8
1/3/2006,13:38,13.38,71.5,456.5,9.08,9
1/3/2006,13:39,13.39,71.4,454.24,9.1,8
1/3/2006,13:40,13.4,71.3,453.55,9.12,9
1/3/2006,13:41,13.41,71.1,452.19,9.09,10
1/3/2006,13:42,13.42,70.9,450.19,9.07,10
1/3/2006,13:43,13.43,70.8,448.61,9.07,9
1/3/2006,13:44,13.44,70.6,447.41,9.12,9
1/3/2006,13:45,13.45,70.4,445.45,9.12,10
1/3/2006,13:46,13.46,70.2,443.99,9.13,10
1/3/2006,13:47,13.47,70,441.92,9.16,9
1/3/2006,13:48,13.48,69.7,440.07,9.19,9
1/3/2006,13:49,13.49,69.5,438.49,9.21,9
1/3/2006,13:50,13.5,69.3,437.77,9.25,10
1/3/2006,13:51,13.51,69.1,437.45,9.31,9
1/3/2006,13:52,13.52,68.9,435.77,9.33,10
1/3/2006,13:53,13.53,68.7,433.58,9.34,9
1/3/2006,13:54,13.54,68.5,430.44,9.27,8
1/3/2006,13:55,13.55,68.3,429.77,9.21,9
1/3/2006,13:56,13.56,68.3,427.42,9.13,9
1/3/2006,13:57,13.57,68.3,425.4,9.11,9
1/3/2006,13:58,13.58,68.3,424.57,9.14,9
1/3/2006,13:59,13.59,68.3,423.2,9.16,9
1/3/2006,14:00,14,68.3,420.5,9.15,9
1/3/2006,14:01,14.01,68.1,418.23,9.09,9
1/3/2006,14:02,14.02,67.8,415.37,9.1,7
1/3/2006,14:03,14.03,67.6,413.69,9.14,9
1/3/2006,14:04,14.04,67.3,412.6,9.17,8
1/3/2006,14:05,14.05,67.1,410.61,9.1,8
1/3/2006,14:06,14.06,66.9,407.96,9.1,8
1/3/2006,14:07,14.07,66.6,406.28,9.1,8
1/3/2006,14:08,14.08,66.4,403.19,9.13,8
1/3/2006,14:09,14.09,66.1,400.44,9.17,7
1/3/2006,14:10,14.1,65.9,398.73,9.21,7
1/3/2006,14:11,14.11,65.7,397.14,9.19,8
1/3/2006,14:12,14.12,65.5,394.84,9.17,8
1/3/2006,14:13,14.13,65.2,393.89,9.18,7
1/3/2006,14:14,14.14,65,391.39,9.13,8
1/3/2006,14:15,14.15,64.8,389.59,9.1,8
1/3/2006,14:16,14.16,64.6,387.25,9.09,8
1/3/2006,14:17,14.17,64.3,385.71,9.03,8
1/3/2006,14:18,14.18,64.1,383.83,9.03,6
1/3/2006,14:19,14.19,63.8,382.14,9.08,7
1/3/2006,14:20,14.2,63.6,379.38,9.11,8
1/3/2006,14:21,14.21,63.3,377.22,9.12,9
1/3/2006,14:22,14.22,63,374.94,9.07,9
1/3/2006,14:23,14.23,62.8,372.94,9.05,9
1/3/2006,14:24,14.24,62.5,370.04,9.03,7
1/3/2006,14:25,14.25,62.2,368.39,8.99,8
1/3/2006,14:26,14.26,61.9,365.96,8.96,8
1/3/2006,14:27,14.27,61.6,364.13,8.94,9
1/3/2006,14:28,14.28,61.2,362.67,8.89,9
1/3/2006,14:29,14.29,60.9,361.33,8.84,9
1/3/2006,14:30,14.3,60.6,359.11,8.88,8
1/3/2006,14:31,14.31,60.3,356.58,8.95,9
1/3/2006,14:32,14.32,60,355.23,9.03,9
1/3/2006,14:33,14.33,59.7,354.14,9.06,8
1/3/2006,14:34,14.34,59.4,351.06,9.08,8
1/3/2006,14:35,14.35,59.1,348.56,9.1,9
1/3/2006,14:36,14.36,58.7,346.95,9.08,9
1/3/2006,14:37,14.37,58.4,346.69,9.07,10
1/3/2006,14:38,14.38,58,343.56,9.05,10
1/3/2006,14:39,14.39,57.7,340.93,9.04,9
1/3/2006,14:40,14.4,57.3,338.58,9,7
1/3/2006,14:41,14.41,56.8,336.68,8.97,10
1/3/2006,14:42,14.42,56.3,333.75,8.98,9
1/3/2006,14:43,14.43,55.9,331.65,9.03,11
1/3/2006,14:44,14.44,55.4,329.52,9.04,11
1/3/2006,14:45,14.45,54.9,328.48,9.04,12
1/3/2006,14:46,14.46,54.6,325.58,9.06,12
1/3/2006,14:47,14.47,54.2,322.6,9.09,12
1/3/2006,14:48,14.48,53.9,321.64,9.08,11
1/3/2006,14:49,14.49,53.5,318.22,9.1,9
1/3/2006,14:50,14.5,53.2,315.3,9.17,11
1/3/2006,14:51,14.51,52.9,313.28,9.18,11
1/3/2006,14:52,14.52,52.5,310.28,9.2,10
1/3/2006,14:53,14.53,52.2,307.19,9.22,12
1/3/2006,14:54,14.54,51.8,304.29,9.24,11
1/3/2006,14:55,14.55,51.5,303.42,9.24,12
1/3/2006,14:56,14.56,51.2,301.38,9.24,13
1/3/2006,14:57,14.57,50.9,299.21,9.27,13
1/3/2006,14:58,14.58,50.6,295.98,9.27,12
1/3/2006,14:59,14.59,50.3,292.93,9.28,13
1/3/2006,15:00,15,50,290.07,9.31,13
1/3/2006,15:01,15.01,49.6,287.38,9.33,12
1/3/2006,15:02,15.02,49.2,285.47,9.32,13
1/3/2006,15:03,15.03,48.9,283.69,9.34,13
1/3/2006,15:04,15.04,48.5,280.93,9.35,13
1/3/2006,15:05,15.05,48.1,278.25,9.35,13
1/3/2006,15:06,15.06,47.6,274.7,9.38,13
1/3/2006,15:07,15.07,47.2,272,9.41,13
1/3/2006,15:08,15.08,46.7,270.49,9.44,13
1/3/2006,15:09,15.09,46.3,270.29,9.48,15
1/3/2006,15:10,15.1,45.8,267.79,9.49,16
1/3/2006,15:11,15.11,45.3,265.39,9.52,17
1/3/2006,15:12,15.12,44.8,263.54,9.55,17
1/3/2006,15:13,15.13,44.4,261.59,9.57,17
1/3/2006,15:14,15.14,43.9,259.2,9.62,17
1/3/2006,15:15,15.15,43.4,257.13,9.68,16
1/3/2006,15:16,15.16,42.9,255.54,9.74,17
1/3/2006,15:17,15.17,42.4,253.56,9.79,17
1/3/2006,15:18,15.18,42,251.43,9.76,18
1/3/2006,15:19,15.19,41.5,250.13,9.71,18
1/3/2006,15:20,15.2,41,249.09,9.67,18
1/3/2006,15:21,15.21,40.6,248.3,9.64,19
1/3/2006,15:22,15.22,40.2,246.4,9.55,20
1/3/2006,15:23,15.23,39.9,244.17,9.46,20
1/3/2006,15:24,15.24,39.5,242.28,9.35,21
1/3/2006,15:25,15.25,39.1,239.49,9.3,22
1/3/2006,15:26,15.26,38.7,237.06,9.25,23
1/3/2006,15:27,15.27,38.4,235.74,9.23,22
1/3/2006,15:28,15.28,38,234.26,9.19,23
1/3/2006,15:29,15.29,37.7,231.97,9.19,24
1/3/2006,15:30,15.3,37.3,229.48,9.16,24
1/3/2006,15:31,15.31,36.8,227.02,9.08,24
1/3/2006,15:32,15.32,36.4,222.73,9.03,25
1/3/2006,15:33,15.33,35.9,221.54,8.99,26
1/3/2006,15:34,15.34,35.5,218.48,8.97,27
1/3/2006,15:35,15.35,35,215.34,8.97,28
1/3/2006,15:36,15.36,34.5,212.57,8.94,27
1/3/2006,15:37,15.37,34,209.45,8.92,28
1/3/2006,15:38,15.38,33.5,206.67,8.92,28
1/3/2006,15:39,15.39,33,202.89,8.93,28
1/3/2006,15:40,15.4,32.5,199.3,8.93,27
1/3/2006,15:41,15.41,32,196.43,8.92,29
1/3/2006,15:42,15.42,31.5,192.93,8.88,28
1/3/2006,15:43,15.43,31,189.28,8.87,28
1/3/2006,15:44,15.44,30.5,186.81,8.86,27
1/3/2006,15:45,15.45,30,184.78,8.86,27
1/3/2006,15:46,15.46,29.5,182.81,8.85,28
1/3/2006,15:47,15.47,29,181.49,8.85,28
1/3/2006,15:48,15.48,28.6,178.96,8.83,31
1/3/2006,15:49,15.49,28.1,175.84,8.81,31
1/3/2006,15:50,15.5,27.6,172.53,8.8,32
1/3/2006,15:51,15.51,27.1,170.38,8.77,30
1/3/2006,15:52,15.52,26.6,168.17,8.74,31
1/3/2006,15:53,15.53,26,165.14,8.71,31
1/3/2006,15:54,15.54,25.5,162.93,8.64,33
1/3/2006,15:55,15.55,25,160.2,8.6,32
1/3/2006,15:56,15.56,24.5,156.94,8.54,30
1/3/2006,15:57,15.57,23.9,154.51,8.46,31
1/3/2006,15:58,15.58,23.4,151.66,8.46,31
1/3/2006,15:59,15.59,22.8,147.98,8.48,31
1/3/2006,16:00,16,22.3,143.74,8.49,31
1/3/2006,16:01,16.01,21.7,140.34,8.48,31
1/3/2006,16:02,16.02,21.1,135.69,8.48,29
1/3/2006,16:03,16.03,20.6,133.75,8.48,29
1/3/2006,16:04,16.04,20,132.52,8.43,27
1/3/2006,16:05,16.05,19.4,129.18,8.41,27
1/3/2006,16:06,16.06,18.9,123.61,8.37,25
1/3/2006,16:07,16.07,18.4,119.42,8.34,22
1/3/2006,16:08,16.08,17.8,117.33,8.26,21
1/3/2006,16:09,16.09,17.3,115.74,8.17,21
1/3/2006,16:10,16.1,16.8,112.21,8.15,20
1/3/2006,16:11,16.11,16.3,106.83,8.2,21
1/3/2006,16:12,16.12,15.8,103.48,8.19,20
1/3/2006,16:13,16.13,15.2,99.617,8.13,20
1/3/2006,16:14,16.14,14.7,95.785,8.08,19
1/3/2006,16:15,16.15,14.2,92.381,8.07,18
1/3/2006,16:16,16.16,13.7,89.342,8.08,19
1/3/2006,16:17,16.17,13.1,86.348,8.08,19
1/3/2006,16:18,16.18,12.6,81.18,8.06,17
1/3/2006,16:19,16.19,12,75.414,8.04,15
1/3/2006,16:20,16.2,11.5,58.305,8,15
1/3/2006,16:21,16.21,10.6,41.205,7.95,18
1/3/2006,16:22,16.22,9.6,35.243,7.88,25
1/3/2006,16:23,16.23,8.7,32.695,7.8,26
1/3/2006,16:24,16.24,7.7,31.403,7.76,26
1/3/2006,16:25,16.25,6.8,30.173,7.74,28
1/3/2006,16:26,16.26,5.6,27.277,7.71,27
1/3/2006,16:27,16.27,4.4,24.452,7.71,-1
1/3/2006,16:28,16.28,3.3,23.579,7.66,-1
1/3/2006,16:29,16.29,2.1,23.365,7.61,-1
1/3/2006,16:30,16.3,0.9,22.509,7.53,-1
1/3/2006,16:31,16.31,0.8,22.474,7.44,-1
1/3/2006,16:32,16.32,0.8,20.371,7.37,-1
1/3/2006,16:33,16.33,0.7,18.49,7.3,-1
1/3/2006,16:34,16.34,0.7,18.125,7.27,-1
1/3/2006,16:35,16.35,0.6,21.03,7.24,-1
1/3/2006,16:36,16.36,0.6,21.493,7.22,-1
1/3/2006,16:37,16.37,0.5,21.11,7.22,-1
1/3/2006,16:38,16.38,0.5,17.189,7.2,-1
1/3/2006,16:39,16.39,0.4,12.271,7.2,-1
1/3/2006,16:40,16.4,0.3,9.5526,7.21,-1
1/3/2006,16:41,16.41,0.3,8.3229,7.21,-1
1/3/2006,16:42,16.42,0.2,7.6724,7.2,-1
1/3/2006,16:43,16.43,0.2,7.209,7.22,-1
1/3/2006,16:44,16.44,0.1,6.416,7.23,-1
1/3/2006,16:45,16.45,0.1,5.7565,7.23,-1
1/3/2006,16:46,16.46,0,5.1506,7.23,-1
