,DATE,MST,Global Horizontal,Direct Normal,Air Temperature
0,4/20/2020,2020-04-27 05:18:00,8.77112,0.0,3.866
1,4/20/2020,2020-04-27 05:19:00,9.3558,0.0,3.952
2,4/20/2020,2020-04-27 05:20:00,4.22616,0.0,4.043
3,4/20/2020,2020-04-27 05:21:00,5.329269999999999,0.0,4.1819999999999995
4,4/20/2020,2020-04-27 05:22:00,6.84266,0.0,4.111000000000001
5,4/20/2020,2020-04-27 05:23:00,8.57596,0.0,3.885
6,4/20/2020,2020-04-27 05:24:00,10.5543,0.0,4.092
7,4/20/2020,2020-04-27 05:25:00,12.7802,0.0,4.416
8,4/20/2020,2020-04-27 05:26:00,14.8583,0.0,4.596
9,4/20/2020,2020-04-27 05:27:00,17.3267,0.0,4.7
10,4/20/2020,2020-04-27 05:28:00,19.7588,0.0,4.591
11,4/20/2020,2020-04-27 05:29:00,22.2697,0.0,4.36
12,4/20/2020,2020-04-27 05:30:00,24.5848,0.0,4.295
13,4/20/2020,2020-04-27 05:31:00,26.9791,0.0,4.268
14,4/20/2020,2020-04-27 05:32:00,29.2134,6.75626,4.449
15,4/20/2020,2020-04-27 05:33:00,31.7658,158.017,4.5969999999999995
16,4/20/2020,2020-04-27 05:34:00,34.4791,173.65200000000002,4.69
17,4/20/2020,2020-04-27 05:35:00,37.3596,92.8115,4.731
18,4/20/2020,2020-04-27 05:36:00,40.305,104.383,4.801
19,4/20/2020,2020-04-27 05:37:00,43.3499,101.63,5.051
20,4/20/2020,2020-04-27 05:38:00,46.438,122.85,5.117
21,4/20/2020,2020-04-27 05:39:00,49.359,131.09,5.074
22,4/20/2020,2020-04-27 05:40:00,52.2176,149.071,5.044
23,4/20/2020,2020-04-27 05:41:00,55.2958,286.874,5.144
24,4/20/2020,2020-04-27 05:42:00,58.4321,301.435,5.087
25,4/20/2020,2020-04-27 05:43:00,61.5888,316.928,4.9910000000000005
26,4/20/2020,2020-04-27 05:44:00,64.7704,331.966,4.824
27,4/20/2020,2020-04-27 05:45:00,68.1455,346.965,4.795
28,4/20/2020,2020-04-27 05:46:00,71.471,358.327,4.813
29,4/20/2020,2020-04-27 05:47:00,74.7503,371.52,4.855
30,4/20/2020,2020-04-27 05:48:00,78.5501,389.245,4.949
31,4/20/2020,2020-04-27 05:49:00,80.0137,384.224,4.954
32,4/20/2020,2020-04-27 05:50:00,77.4472,344.575,4.933
33,4/20/2020,2020-04-27 05:51:00,79.0939,342.023,4.816
34,4/20/2020,2020-04-27 05:52:00,82.4427,354.26099999999997,4.5760000000000005
35,4/20/2020,2020-04-27 05:53:00,77.4145,301.009,4.538
36,4/20/2020,2020-04-27 05:54:00,88.6671,377.77099999999996,4.703
37,4/20/2020,2020-04-27 05:55:00,100.16799999999999,454.16900000000004,4.676
38,4/20/2020,2020-04-27 05:56:00,103.024,464.336,4.646
39,4/20/2020,2020-04-27 05:57:00,102.891,452.509,4.713
40,4/20/2020,2020-04-27 05:58:00,95.8657,388.955,4.891
41,4/20/2020,2020-04-27 05:59:00,95.5373,376.995,5.037
42,4/20/2020,2020-04-27 06:00:00,80.5562,264.876,5.086
43,4/20/2020,2020-04-27 06:01:00,54.7666,59.9303,5.023
44,4/20/2020,2020-04-27 06:02:00,41.0894,0.0,4.923
45,4/20/2020,2020-04-27 06:03:00,39.7443,0.0,4.87
46,4/20/2020,2020-04-27 06:04:00,40.0827,0.0,4.756
47,4/20/2020,2020-04-27 06:05:00,41.3155,0.0,4.724
48,4/20/2020,2020-04-27 06:06:00,45.9161,4.68498,4.876
49,4/20/2020,2020-04-27 06:07:00,80.6166,202.896,5.008
50,4/20/2020,2020-04-27 06:08:00,70.3607,137.168,5.104
51,4/20/2020,2020-04-27 06:09:00,49.2952,11.6214,5.218
52,4/20/2020,2020-04-27 06:10:00,46.4533,0.0,5.327000000000001
53,4/20/2020,2020-04-27 06:11:00,48.127,0.0,5.311
54,4/20/2020,2020-04-27 06:12:00,52.8944,1.40644,5.164
55,4/20/2020,2020-04-27 06:13:00,66.0989,73.6744,5.136
56,4/20/2020,2020-04-27 06:14:00,70.318,84.449,5.329
57,4/20/2020,2020-04-27 06:15:00,77.6988,112.073,5.381
58,4/20/2020,2020-04-27 06:16:00,79.127,108.902,5.249
59,4/20/2020,2020-04-27 06:17:00,70.7629,52.1128,5.127999999999999
60,4/20/2020,2020-04-27 06:18:00,73.4064,29.2582,5.005
61,4/20/2020,2020-04-27 06:19:00,75.8391,22.9694,4.952
62,4/20/2020,2020-04-27 06:20:00,70.7265,0.0,4.98
63,4/20/2020,2020-04-27 06:21:00,70.2119,0.0,5.019
64,4/20/2020,2020-04-27 06:22:00,72.5852,0.0,5.113
65,4/20/2020,2020-04-27 06:23:00,94.5219,69.3203,5.234
66,4/20/2020,2020-04-27 06:24:00,169.64,393.675,5.334
67,4/20/2020,2020-04-27 06:25:00,191.511,473.366,5.386
68,4/20/2020,2020-04-27 06:26:00,168.021,346.14300000000003,5.502999999999999
69,4/20/2020,2020-04-27 06:27:00,93.905,19.4672,5.621
70,4/20/2020,2020-04-27 06:28:00,88.9017,0.0,5.6979999999999995
71,4/20/2020,2020-04-27 06:29:00,92.8121,6.998660000000001,5.724
72,4/20/2020,2020-04-27 06:30:00,113.39399999999999,102.648,5.765
73,4/20/2020,2020-04-27 06:31:00,152.765,253.769,5.871
74,4/20/2020,2020-04-27 06:32:00,197.963,422.05300000000005,5.931
75,4/20/2020,2020-04-27 06:33:00,203.513,431.805,5.896
76,4/20/2020,2020-04-27 06:34:00,152.053,228.52900000000002,5.928
77,4/20/2020,2020-04-27 06:35:00,247.995,599.383,5.941
78,4/20/2020,2020-04-27 06:36:00,209.90400000000002,457.94599999999997,6.08
79,4/20/2020,2020-04-27 06:37:00,187.56400000000002,375.574,6.246
80,4/20/2020,2020-04-27 06:38:00,173.528,317.732,6.27
81,4/20/2020,2020-04-27 06:39:00,248.174,572.828,6.431
82,4/20/2020,2020-04-27 06:40:00,277.512,657.1519999999999,6.525
83,4/20/2020,2020-04-27 06:41:00,222.13299999999998,432.902,6.72
84,4/20/2020,2020-04-27 06:42:00,154.325,181.382,6.9270000000000005
85,4/20/2020,2020-04-27 06:43:00,147.815,154.701,6.895
86,4/20/2020,2020-04-27 06:44:00,151.298,175.083,6.756
87,4/20/2020,2020-04-27 06:45:00,112.65299999999999,32.5765,6.564
88,4/20/2020,2020-04-27 06:46:00,170.388,247.981,6.561
89,4/20/2020,2020-04-27 06:47:00,157.7,194.84900000000002,6.718999999999999
90,4/20/2020,2020-04-27 06:48:00,178.695,247.67,6.761
91,4/20/2020,2020-04-27 06:49:00,146.917,156.623,6.808
92,4/20/2020,2020-04-27 06:50:00,125.26799999999999,100.625,6.7989999999999995
93,4/20/2020,2020-04-27 06:51:00,195.77900000000002,309.748,6.827000000000001
94,4/20/2020,2020-04-27 06:52:00,277.736,553.153,6.882999999999999
95,4/20/2020,2020-04-27 06:53:00,327.99699999999996,691.6189999999999,7.037999999999999
96,4/20/2020,2020-04-27 06:54:00,329.051,682.835,7.197
97,4/20/2020,2020-04-27 06:55:00,318.717,658.342,7.528
98,4/20/2020,2020-04-27 06:56:00,321.205,660.993,7.872999999999999
99,4/20/2020,2020-04-27 06:57:00,300.983,602.809,8.09
100,4/20/2020,2020-04-27 06:58:00,339.173,708.427,8.23
101,4/20/2020,2020-04-27 06:59:00,340.435,707.971,8.34
102,4/20/2020,2020-04-27 07:00:00,335.478,706.7310000000001,8.43
103,4/20/2020,2020-04-27 07:01:00,332.722,710.681,8.44
104,4/20/2020,2020-04-27 07:02:00,332.366,715.11,8.45
105,4/20/2020,2020-04-27 07:03:00,334.639,715.627,8.53
106,4/20/2020,2020-04-27 07:04:00,334.38699999999994,716.421,8.65
107,4/20/2020,2020-04-27 07:05:00,332.805,720.1010000000001,8.87
108,4/20/2020,2020-04-27 07:06:00,335.296,724.919,9.02
109,4/20/2020,2020-04-27 07:07:00,339.616,728.299,9.0
110,4/20/2020,2020-04-27 07:08:00,344.254,729.821,8.81
111,4/20/2020,2020-04-27 07:09:00,344.62300000000005,726.783,8.79
112,4/20/2020,2020-04-27 07:10:00,343.295,725.122,8.95
113,4/20/2020,2020-04-27 07:11:00,346.20599999999996,730.445,9.04
114,4/20/2020,2020-04-27 07:12:00,347.88800000000003,733.944,9.1
115,4/20/2020,2020-04-27 07:13:00,347.11800000000005,734.965,9.21
116,4/20/2020,2020-04-27 07:14:00,343.204,727.175,9.31
117,4/20/2020,2020-04-27 07:15:00,316.827,656.7710000000001,9.37
118,4/20/2020,2020-04-27 07:16:00,200.843,356.574,9.33
119,4/20/2020,2020-04-27 07:17:00,287.312,568.482,9.32
120,4/20/2020,2020-04-27 07:18:00,340.83,697.655,9.45
121,4/20/2020,2020-04-27 07:19:00,353.82800000000003,723.7180000000001,9.63
122,4/20/2020,2020-04-27 07:20:00,361.32099999999997,736.648,9.91
123,4/20/2020,2020-04-27 07:21:00,367.43300000000005,753.0239999999999,10.21
124,4/20/2020,2020-04-27 07:22:00,368.31800000000004,755.574,10.48
125,4/20/2020,2020-04-27 07:23:00,372.68699999999995,759.868,10.2
126,4/20/2020,2020-04-27 07:24:00,377.779,762.685,9.89
127,4/20/2020,2020-04-27 07:25:00,382.925,763.571,10.06
128,4/20/2020,2020-04-27 07:26:00,388.13300000000004,763.572,10.25
129,4/20/2020,2020-04-27 07:27:00,391.24300000000005,765.1619999999999,10.27
130,4/20/2020,2020-04-27 07:28:00,391.472,763.372,10.22
131,4/20/2020,2020-04-27 07:29:00,391.17900000000003,764.275,10.21
132,4/20/2020,2020-04-27 07:30:00,392.63,768.176,10.19
133,4/20/2020,2020-04-27 07:31:00,395.11,767.595,9.92
134,4/20/2020,2020-04-27 07:32:00,398.20599999999996,770.132,9.45
135,4/20/2020,2020-04-27 07:33:00,403.663,776.304,9.37
136,4/20/2020,2020-04-27 07:34:00,407.48900000000003,783.07,9.38
137,4/20/2020,2020-04-27 07:35:00,403.064,768.288,9.82
138,4/20/2020,2020-04-27 07:36:00,400.67,755.962,10.39
139,4/20/2020,2020-04-27 07:37:00,388.431,725.329,10.61
140,4/20/2020,2020-04-27 07:38:00,356.14,649.029,10.76
141,4/20/2020,2020-04-27 07:39:00,418.434,779.64,10.66
142,4/20/2020,2020-04-27 07:40:00,425.806,792.6,10.7
143,4/20/2020,2020-04-27 07:41:00,429.099,794.445,10.74
144,4/20/2020,2020-04-27 07:42:00,431.48800000000006,795.25,10.9
145,4/20/2020,2020-04-27 07:43:00,427.099,779.324,11.05
146,4/20/2020,2020-04-27 07:44:00,432.56,784.799,10.99
147,4/20/2020,2020-04-27 07:45:00,430.07,774.196,11.13
148,4/20/2020,2020-04-27 07:46:00,436.341,783.7310000000001,11.28
149,4/20/2020,2020-04-27 07:47:00,446.26300000000003,801.0369999999999,11.16
150,4/20/2020,2020-04-27 07:48:00,447.691,800.68,11.16
151,4/20/2020,2020-04-27 07:49:00,451.10400000000004,805.403,11.32
152,4/20/2020,2020-04-27 07:50:00,453.582,806.8510000000001,11.33
153,4/20/2020,2020-04-27 07:51:00,456.35400000000004,808.188,11.47
154,4/20/2020,2020-04-27 07:52:00,459.827,810.932,11.72
155,4/20/2020,2020-04-27 07:53:00,462.80199999999996,811.9069999999999,11.49
156,4/20/2020,2020-04-27 07:54:00,466.001,813.008,11.13
157,4/20/2020,2020-04-27 07:55:00,468.421,813.3,10.94
158,4/20/2020,2020-04-27 07:56:00,471.131,814.304,11.06
159,4/20/2020,2020-04-27 07:57:00,474.89599999999996,816.74,11.25
160,4/20/2020,2020-04-27 07:58:00,477.86800000000005,818.822,11.31
161,4/20/2020,2020-04-27 07:59:00,480.784,819.76,11.24
162,4/20/2020,2020-04-27 08:00:00,483.921,822.115,11.39
163,4/20/2020,2020-04-27 08:01:00,487.369,823.2260000000001,11.36
164,4/20/2020,2020-04-27 08:02:00,490.416,823.79,11.22
165,4/20/2020,2020-04-27 08:03:00,493.75199999999995,825.444,11.21
166,4/20/2020,2020-04-27 08:04:00,499.126,826.841,11.34
167,4/20/2020,2020-04-27 08:05:00,503.82300000000004,828.289,11.3
168,4/20/2020,2020-04-27 08:06:00,506.153,827.7819999999999,11.35
169,4/20/2020,2020-04-27 08:07:00,506.88800000000003,829.265,11.5
170,4/20/2020,2020-04-27 08:08:00,509.05199999999996,830.523,11.71
171,4/20/2020,2020-04-27 08:09:00,512.262,833.1389999999999,11.75
172,4/20/2020,2020-04-27 08:10:00,515.447,833.825,11.7
173,4/20/2020,2020-04-27 08:11:00,518.3530000000001,834.375,11.66
174,4/20/2020,2020-04-27 08:12:00,521.195,834.378,11.7
175,4/20/2020,2020-04-27 08:13:00,524.615,837.413,11.73
176,4/20/2020,2020-04-27 08:14:00,528.7040000000001,838.9119999999999,11.69
177,4/20/2020,2020-04-27 08:15:00,533.74,840.067,11.8
178,4/20/2020,2020-04-27 08:16:00,539.113,841.6239999999999,11.83
179,4/20/2020,2020-04-27 08:17:00,545.2080000000001,844.3510000000001,11.75
180,4/20/2020,2020-04-27 08:18:00,549.962,844.097,11.5
181,4/20/2020,2020-04-27 08:19:00,552.587,842.091,11.57
182,4/20/2020,2020-04-27 08:20:00,553.375,842.495,11.76
183,4/20/2020,2020-04-27 08:21:00,553.683,843.33,11.96
184,4/20/2020,2020-04-27 08:22:00,554.714,844.453,12.06
185,4/20/2020,2020-04-27 08:23:00,556.411,844.554,12.09
186,4/20/2020,2020-04-27 08:24:00,558.2769999999999,846.0930000000001,12.13
187,4/20/2020,2020-04-27 08:25:00,560.789,847.8789999999999,12.0
188,4/20/2020,2020-04-27 08:26:00,562.869,848.1010000000001,11.86
189,4/20/2020,2020-04-27 08:27:00,566.271,849.0369999999999,11.93
190,4/20/2020,2020-04-27 08:28:00,569.727,850.383,12.03
191,4/20/2020,2020-04-27 08:29:00,572.914,851.3439999999999,11.98
192,4/20/2020,2020-04-27 08:30:00,575.149,851.377,12.1
193,4/20/2020,2020-04-27 08:31:00,577.234,851.576,12.33
194,4/20/2020,2020-04-27 08:32:00,579.887,852.043,12.2
195,4/20/2020,2020-04-27 08:33:00,583.165,852.314,12.04
196,4/20/2020,2020-04-27 08:34:00,586.433,852.9119999999999,12.17
197,4/20/2020,2020-04-27 08:35:00,588.756,852.81,12.11
198,4/20/2020,2020-04-27 08:36:00,592.309,854.913,12.07
199,4/20/2020,2020-04-27 08:37:00,596.4159999999999,857.63,12.14
200,4/20/2020,2020-04-27 08:38:00,599.8,858.735,12.25
201,4/20/2020,2020-04-27 08:39:00,603.0319999999999,858.557,12.19
202,4/20/2020,2020-04-27 08:40:00,606.011,858.686,12.1
203,4/20/2020,2020-04-27 08:41:00,609.735,860.043,12.14
204,4/20/2020,2020-04-27 08:42:00,612.597,861.865,11.95
205,4/20/2020,2020-04-27 08:43:00,616.279,863.77,12.0
206,4/20/2020,2020-04-27 08:44:00,620.811,864.296,12.24
207,4/20/2020,2020-04-27 08:45:00,627.41,863.05,12.37
208,4/20/2020,2020-04-27 08:46:00,634.734,863.3889999999999,12.53
209,4/20/2020,2020-04-27 08:47:00,641.789,864.426,12.75
210,4/20/2020,2020-04-27 08:48:00,644.956,864.669,12.7
211,4/20/2020,2020-04-27 08:49:00,644.359,865.4810000000001,12.59
212,4/20/2020,2020-04-27 08:50:00,644.276,867.6669999999999,12.47
213,4/20/2020,2020-04-27 08:51:00,645.784,868.668,12.44
214,4/20/2020,2020-04-27 08:52:00,647.4730000000001,871.0210000000001,12.66
215,4/20/2020,2020-04-27 08:53:00,651.429,867.875,12.78
216,4/20/2020,2020-04-27 08:54:00,654.693,865.775,12.49
217,4/20/2020,2020-04-27 08:55:00,658.4910000000001,866.9110000000001,12.34
218,4/20/2020,2020-04-27 08:56:00,664.466,870.513,12.27
219,4/20/2020,2020-04-27 08:57:00,678.7410000000001,874.398,12.13
220,4/20/2020,2020-04-27 08:58:00,695.097,874.033,12.16
221,4/20/2020,2020-04-27 08:59:00,715.613,876.914,12.32
222,4/20/2020,2020-04-27 09:00:00,744.4910000000001,879.6039999999999,12.4
223,4/20/2020,2020-04-27 09:01:00,764.747,869.8710000000001,12.33
224,4/20/2020,2020-04-27 09:02:00,771.691,873.865,12.24
225,4/20/2020,2020-04-27 09:03:00,773.071,883.784,12.45
226,4/20/2020,2020-04-27 09:04:00,765.6030000000001,884.243,12.8
227,4/20/2020,2020-04-27 09:05:00,224.6,117.62,12.99
228,4/20/2020,2020-04-27 09:06:00,121.788,0.0,12.77
229,4/20/2020,2020-04-27 09:07:00,108.631,0.0,12.32
230,4/20/2020,2020-04-27 09:08:00,100.40700000000001,0.0,11.96
231,4/20/2020,2020-04-27 09:09:00,96.8539,0.0,11.69
232,4/20/2020,2020-04-27 09:10:00,90.8407,0.0,11.42
233,4/20/2020,2020-04-27 09:11:00,90.9849,0.0,11.25
234,4/20/2020,2020-04-27 09:12:00,106.961,8.81057,11.17
235,4/20/2020,2020-04-27 09:13:00,287.58299999999997,237.43099999999998,11.1
236,4/20/2020,2020-04-27 09:14:00,750.334,880.8389999999999,11.13
237,4/20/2020,2020-04-27 09:15:00,760.466,894.352,11.34
238,4/20/2020,2020-04-27 09:16:00,768.1489999999999,903.51,11.66
239,4/20/2020,2020-04-27 09:17:00,790.5219999999999,905.8480000000001,12.01
240,4/20/2020,2020-04-27 09:18:00,745.447,817.441,12.07
241,4/20/2020,2020-04-27 09:19:00,624.126,642.755,12.23
242,4/20/2020,2020-04-27 09:20:00,215.80599999999998,86.9171,12.23
243,4/20/2020,2020-04-27 09:21:00,195.641,64.5003,12.13
244,4/20/2020,2020-04-27 09:22:00,442.746,372.592,11.99
245,4/20/2020,2020-04-27 09:23:00,733.173,751.4019999999999,12.11
246,4/20/2020,2020-04-27 09:24:00,790.8860000000001,828.835,12.25
247,4/20/2020,2020-04-27 09:25:00,554.168,520.7769999999999,12.33
248,4/20/2020,2020-04-27 09:26:00,302.779,182.68400000000003,12.41
249,4/20/2020,2020-04-27 09:27:00,698.15,727.1619999999999,12.5
250,4/20/2020,2020-04-27 09:28:00,603.411,623.653,12.51
251,4/20/2020,2020-04-27 09:29:00,722.7539999999999,797.88,12.47
252,4/20/2020,2020-04-27 09:30:00,633.484,682.878,12.63
253,4/20/2020,2020-04-27 09:31:00,795.59,892.5219999999999,12.74
254,4/20/2020,2020-04-27 09:32:00,789.3,891.297,13.05
255,4/20/2020,2020-04-27 09:33:00,511.074,532.612,13.26
256,4/20/2020,2020-04-27 09:34:00,783.135,890.355,13.06
257,4/20/2020,2020-04-27 09:35:00,718.8580000000001,822.437,12.69
258,4/20/2020,2020-04-27 09:36:00,718.698,840.918,12.75
259,4/20/2020,2020-04-27 09:37:00,765.321,906.775,12.8
260,4/20/2020,2020-04-27 09:38:00,759.6389999999999,898.546,13.0
261,4/20/2020,2020-04-27 09:39:00,760.329,903.265,13.31
262,4/20/2020,2020-04-27 09:40:00,761.715,900.549,13.43
263,4/20/2020,2020-04-27 09:41:00,764.2710000000001,901.915,13.33
264,4/20/2020,2020-04-27 09:42:00,762.797,898.1519999999999,13.46
265,4/20/2020,2020-04-27 09:43:00,767.39,904.827,13.38
266,4/20/2020,2020-04-27 09:44:00,770.0239999999999,904.404,13.16
267,4/20/2020,2020-04-27 09:45:00,773.422,907.197,13.12
268,4/20/2020,2020-04-27 09:46:00,775.936,908.3689999999999,13.14
269,4/20/2020,2020-04-27 09:47:00,778.211,908.6410000000001,13.5
270,4/20/2020,2020-04-27 09:48:00,781.8330000000001,908.671,13.84
271,4/20/2020,2020-04-27 09:49:00,788.122,908.688,14.0
272,4/20/2020,2020-04-27 09:50:00,797.047,912.248,14.12
273,4/20/2020,2020-04-27 09:51:00,804.8480000000001,911.439,14.07
274,4/20/2020,2020-04-27 09:52:00,809.222,912.913,13.88
275,4/20/2020,2020-04-27 09:53:00,816.0139999999999,915.454,13.44
276,4/20/2020,2020-04-27 09:54:00,819.0210000000001,911.005,13.29
277,4/20/2020,2020-04-27 09:55:00,821.8639999999999,914.9,13.6
278,4/20/2020,2020-04-27 09:56:00,821.953,911.5060000000001,13.91
279,4/20/2020,2020-04-27 09:57:00,821.5160000000001,914.492,13.96
280,4/20/2020,2020-04-27 09:58:00,818.816,911.174,13.98
281,4/20/2020,2020-04-27 09:59:00,814.8589999999999,909.383,13.93
282,4/20/2020,2020-04-27 10:00:00,812.752,911.047,13.77
283,4/20/2020,2020-04-27 10:01:00,809.824,911.252,13.5
284,4/20/2020,2020-04-27 10:02:00,810.597,914.335,13.41
285,4/20/2020,2020-04-27 10:03:00,812.193,912.5,13.64
286,4/20/2020,2020-04-27 10:04:00,814.01,914.0989999999999,13.83
287,4/20/2020,2020-04-27 10:05:00,816.1310000000001,917.055,14.03
288,4/20/2020,2020-04-27 10:06:00,818.54,914.947,13.94
289,4/20/2020,2020-04-27 10:07:00,820.17,913.966,13.76
290,4/20/2020,2020-04-27 10:08:00,825.926,917.937,13.49
291,4/20/2020,2020-04-27 10:09:00,829.0310000000001,915.722,13.32
292,4/20/2020,2020-04-27 10:10:00,832.253,915.6239999999999,13.03
293,4/20/2020,2020-04-27 10:11:00,832.206,916.428,13.06
294,4/20/2020,2020-04-27 10:12:00,830.699,919.637,13.26
295,4/20/2020,2020-04-27 10:13:00,830.7439999999999,920.19,13.6
296,4/20/2020,2020-04-27 10:14:00,832.81,919.2719999999999,13.72
297,4/20/2020,2020-04-27 10:15:00,835.01,919.59,13.76
298,4/20/2020,2020-04-27 10:16:00,802.433,879.551,13.86
299,4/20/2020,2020-04-27 10:17:00,834.579,903.691,14.15
300,4/20/2020,2020-04-27 10:18:00,845.827,916.122,14.24
301,4/20/2020,2020-04-27 10:19:00,846.341,921.794,14.09
302,4/20/2020,2020-04-27 10:20:00,849.5169999999999,923.5419999999999,14.02
303,4/20/2020,2020-04-27 10:21:00,849.263,921.453,13.87
304,4/20/2020,2020-04-27 10:22:00,855.255,924.3739999999999,13.86
305,4/20/2020,2020-04-27 10:23:00,860.566,921.596,14.1
306,4/20/2020,2020-04-27 10:24:00,863.597,922.288,14.48
307,4/20/2020,2020-04-27 10:25:00,868.01,923.77,14.34
308,4/20/2020,2020-04-27 10:26:00,873.87,926.762,14.09
309,4/20/2020,2020-04-27 10:27:00,879.3,926.4960000000001,13.74
310,4/20/2020,2020-04-27 10:28:00,882.6,924.725,13.56
311,4/20/2020,2020-04-27 10:29:00,884.6469999999999,930.8710000000001,14.0
312,4/20/2020,2020-04-27 10:30:00,886.2660000000001,930.217,14.29
313,4/20/2020,2020-04-27 10:31:00,886.2460000000001,927.433,14.39
314,4/20/2020,2020-04-27 10:32:00,885.966,926.2919999999999,14.23
315,4/20/2020,2020-04-27 10:33:00,879.954,924.0269999999999,14.21
316,4/20/2020,2020-04-27 10:34:00,877.082,924.692,14.12
317,4/20/2020,2020-04-27 10:35:00,877.752,928.075,13.87
318,4/20/2020,2020-04-27 10:36:00,880.1110000000001,928.96,13.84
319,4/20/2020,2020-04-27 10:37:00,883.2819999999999,930.459,13.65
320,4/20/2020,2020-04-27 10:38:00,879.67,919.617,13.56
321,4/20/2020,2020-04-27 10:39:00,840.183,868.923,13.49
322,4/20/2020,2020-04-27 10:40:00,881.05,911.7339999999999,13.74
323,4/20/2020,2020-04-27 10:41:00,892.85,928.814,14.17
324,4/20/2020,2020-04-27 10:42:00,896.442,930.9110000000001,14.16
325,4/20/2020,2020-04-27 10:43:00,492.64,444.62300000000005,14.31
326,4/20/2020,2020-04-27 10:44:00,584.471,527.411,14.14
327,4/20/2020,2020-04-27 10:45:00,770.572,751.658,14.12
328,4/20/2020,2020-04-27 10:46:00,911.842,924.393,14.1
329,4/20/2020,2020-04-27 10:47:00,903.237,928.0219999999999,13.99
330,4/20/2020,2020-04-27 10:48:00,903.327,929.71,14.3
331,4/20/2020,2020-04-27 10:49:00,902.033,928.082,14.34
332,4/20/2020,2020-04-27 10:50:00,900.9860000000001,931.7769999999999,14.24
333,4/20/2020,2020-04-27 10:51:00,899.153,929.19,14.06
334,4/20/2020,2020-04-27 10:52:00,898.949,932.058,13.95
335,4/20/2020,2020-04-27 10:53:00,901.135,934.043,14.24
336,4/20/2020,2020-04-27 10:54:00,900.31,930.1419999999999,14.66
337,4/20/2020,2020-04-27 10:55:00,902.4069999999999,929.362,14.8
338,4/20/2020,2020-04-27 10:56:00,916.56,935.94,14.82
339,4/20/2020,2020-04-27 10:57:00,964.796,941.612,15.08
340,4/20/2020,2020-04-27 10:58:00,382.103,248.083,14.71
341,4/20/2020,2020-04-27 10:59:00,555.139,452.32300000000004,14.44
342,4/20/2020,2020-04-27 11:00:00,962.325,929.143,14.19
343,4/20/2020,2020-04-27 11:01:00,956.071,934.566,13.83
344,4/20/2020,2020-04-27 11:02:00,950.472,930.317,13.7
345,4/20/2020,2020-04-27 11:03:00,951.19,936.52,13.97
346,4/20/2020,2020-04-27 11:04:00,953.7689999999999,942.437,13.96
347,4/20/2020,2020-04-27 11:05:00,951.154,936.1260000000001,14.1
348,4/20/2020,2020-04-27 11:06:00,940.137,932.722,14.53
349,4/20/2020,2020-04-27 11:07:00,930.0239999999999,934.73,14.88
350,4/20/2020,2020-04-27 11:08:00,925.385,938.32,15.3
351,4/20/2020,2020-04-27 11:09:00,921.201,938.779,15.78
352,4/20/2020,2020-04-27 11:10:00,919.6139999999999,935.985,16.07
353,4/20/2020,2020-04-27 11:11:00,917.404,937.29,15.81
354,4/20/2020,2020-04-27 11:12:00,916.66,934.865,15.61
355,4/20/2020,2020-04-27 11:13:00,915.8789999999999,936.8660000000001,15.59
356,4/20/2020,2020-04-27 11:14:00,916.3889999999999,937.1610000000001,15.59
357,4/20/2020,2020-04-27 11:15:00,918.73,936.198,15.35
358,4/20/2020,2020-04-27 11:16:00,918.22,935.0310000000001,15.11
359,4/20/2020,2020-04-27 11:17:00,918.677,936.1510000000001,14.87
360,4/20/2020,2020-04-27 11:18:00,920.342,939.279,14.77
361,4/20/2020,2020-04-27 11:19:00,923.046,937.534,15.26
362,4/20/2020,2020-04-27 11:20:00,923.791,939.638,15.66
363,4/20/2020,2020-04-27 11:21:00,925.2760000000001,938.2689999999999,15.48
364,4/20/2020,2020-04-27 11:22:00,938.76,944.893,15.32
365,4/20/2020,2020-04-27 11:23:00,947.6489999999999,943.194,15.28
366,4/20/2020,2020-04-27 11:24:00,948.293,935.388,15.32
367,4/20/2020,2020-04-27 11:25:00,944.329,935.5,14.88
368,4/20/2020,2020-04-27 11:26:00,941.8539999999999,936.697,14.73
369,4/20/2020,2020-04-27 11:27:00,939.038,937.691,14.67
370,4/20/2020,2020-04-27 11:28:00,939.0219999999999,936.993,14.52
371,4/20/2020,2020-04-27 11:29:00,939.75,939.995,14.36
372,4/20/2020,2020-04-27 11:30:00,939.408,938.9630000000001,14.41
373,4/20/2020,2020-04-27 11:31:00,938.363,939.757,14.76
374,4/20/2020,2020-04-27 11:32:00,935.564,937.438,14.85
375,4/20/2020,2020-04-27 11:33:00,935.2280000000001,939.377,15.11
376,4/20/2020,2020-04-27 11:34:00,934.227,936.296,15.23
377,4/20/2020,2020-04-27 11:35:00,934.441,935.513,15.29
378,4/20/2020,2020-04-27 11:36:00,936.169,938.946,15.66
379,4/20/2020,2020-04-27 11:37:00,937.988,938.403,15.6
380,4/20/2020,2020-04-27 11:38:00,946.945,935.6360000000001,15.42
381,4/20/2020,2020-04-27 11:39:00,955.584,933.5189999999999,15.21
382,4/20/2020,2020-04-27 11:40:00,955.204,937.551,14.86
383,4/20/2020,2020-04-27 11:41:00,957.5210000000001,939.078,14.81
384,4/20/2020,2020-04-27 11:42:00,961.633,939.81,15.18
385,4/20/2020,2020-04-27 11:43:00,960.2230000000001,936.823,15.37
386,4/20/2020,2020-04-27 11:44:00,960.7339999999999,940.367,15.26
387,4/20/2020,2020-04-27 11:45:00,959.9780000000001,938.3760000000001,15.25
388,4/20/2020,2020-04-27 11:46:00,960.5930000000001,938.43,15.23
389,4/20/2020,2020-04-27 11:47:00,964.579,937.707,15.19
390,4/20/2020,2020-04-27 11:48:00,903.319,865.324,15.1
391,4/20/2020,2020-04-27 11:49:00,976.192,935.875,14.87
392,4/20/2020,2020-04-27 11:50:00,988.552,944.678,14.72
393,4/20/2020,2020-04-27 11:51:00,991.586,935.962,15.11
394,4/20/2020,2020-04-27 11:52:00,987.529,933.513,15.39
395,4/20/2020,2020-04-27 11:53:00,988.503,934.684,15.24
396,4/20/2020,2020-04-27 11:54:00,990.61,937.6260000000001,15.14
397,4/20/2020,2020-04-27 11:55:00,998.7489999999999,942.671,15.25
398,4/20/2020,2020-04-27 11:56:00,1013.91,950.568,15.55
399,4/20/2020,2020-04-27 11:57:00,1013.58,940.451,15.59
400,4/20/2020,2020-04-27 11:58:00,1014.5,942.01,15.62
401,4/20/2020,2020-04-27 11:59:00,1021.99,939.569,15.69
402,4/20/2020,2020-04-27 12:00:00,971.492,861.8939999999999,15.36
403,4/20/2020,2020-04-27 12:01:00,575.028,412.72900000000004,15.73
404,4/20/2020,2020-04-27 12:02:00,751.0980000000001,614.6,15.33
405,4/20/2020,2020-04-27 12:03:00,950.222,846.794,14.84
406,4/20/2020,2020-04-27 12:04:00,171.158,1.05887,14.88
407,4/20/2020,2020-04-27 12:05:00,169.58,0.0,14.81
408,4/20/2020,2020-04-27 12:06:00,177.75,0.373199,14.56
409,4/20/2020,2020-04-27 12:07:00,166.68200000000002,0.0,14.5
410,4/20/2020,2020-04-27 12:08:00,157.65,0.0,14.36
411,4/20/2020,2020-04-27 12:09:00,156.826,0.0,14.19
412,4/20/2020,2020-04-27 12:10:00,168.90900000000002,0.0,13.99
413,4/20/2020,2020-04-27 12:11:00,178.25799999999998,0.0,14.02
414,4/20/2020,2020-04-27 12:12:00,180.812,0.0,14.1
415,4/20/2020,2020-04-27 12:13:00,190.47099999999998,0.0,14.08
416,4/20/2020,2020-04-27 12:14:00,578.373,397.35900000000004,13.88
417,4/20/2020,2020-04-27 12:15:00,487.86300000000006,264.232,13.84
418,4/20/2020,2020-04-27 12:16:00,401.736,169.56599999999997,14.08
419,4/20/2020,2020-04-27 12:17:00,218.83700000000002,0.13858800000000002,14.3
420,4/20/2020,2020-04-27 12:18:00,177.889,0.0,14.54
421,4/20/2020,2020-04-27 12:19:00,288.32099999999997,113.04299999999999,14.61
422,4/20/2020,2020-04-27 12:20:00,760.822,653.962,14.53
423,4/20/2020,2020-04-27 12:21:00,1014.78,938.8939999999999,14.68
424,4/20/2020,2020-04-27 12:22:00,1013.08,942.2230000000001,15.2
425,4/20/2020,2020-04-27 12:23:00,1010.85,937.7130000000001,15.38
426,4/20/2020,2020-04-27 12:24:00,1005.7,939.427,15.22
427,4/20/2020,2020-04-27 12:25:00,947.196,866.16,15.17
428,4/20/2020,2020-04-27 12:26:00,475.964,307.808,15.26
429,4/20/2020,2020-04-27 12:27:00,478.856,298.871,15.2
430,4/20/2020,2020-04-27 12:28:00,1011.13,891.433,15.05
431,4/20/2020,2020-04-27 12:29:00,1031.4,924.525,15.33
432,4/20/2020,2020-04-27 12:30:00,1026.53,942.5210000000001,15.48
433,4/20/2020,2020-04-27 12:31:00,1024.07,937.925,15.77
434,4/20/2020,2020-04-27 12:32:00,628.758,492.07599999999996,16.19
435,4/20/2020,2020-04-27 12:33:00,332.473,170.872,16.34
436,4/20/2020,2020-04-27 12:34:00,385.702,238.73,15.59
437,4/20/2020,2020-04-27 12:35:00,213.676,54.3528,15.18
438,4/20/2020,2020-04-27 12:36:00,316.243,165.863,14.61
439,4/20/2020,2020-04-27 12:37:00,620.436,499.861,14.46
440,4/20/2020,2020-04-27 12:38:00,990.9680000000001,922.8560000000001,14.92
441,4/20/2020,2020-04-27 12:39:00,937.3739999999999,878.705,15.54
442,4/20/2020,2020-04-27 12:40:00,826.2660000000001,760.752,15.7
443,4/20/2020,2020-04-27 12:41:00,570.632,468.546,15.58
444,4/20/2020,2020-04-27 12:42:00,933.459,861.3510000000001,15.38
445,4/20/2020,2020-04-27 12:43:00,703.3539999999999,612.5369999999999,15.56
446,4/20/2020,2020-04-27 12:44:00,573.34,469.911,15.63
447,4/20/2020,2020-04-27 12:45:00,990.926,927.135,15.37
448,4/20/2020,2020-04-27 12:46:00,977.7719999999999,927.59,15.5
449,4/20/2020,2020-04-27 12:47:00,971.959,929.8580000000001,15.64
450,4/20/2020,2020-04-27 12:48:00,962.985,916.5930000000001,15.72
451,4/20/2020,2020-04-27 12:49:00,932.998,887.227,15.95
452,4/20/2020,2020-04-27 12:50:00,903.057,840.99,15.98
453,4/20/2020,2020-04-27 12:51:00,743.539,660.342,15.96
454,4/20/2020,2020-04-27 12:52:00,980.413,925.546,16.12
455,4/20/2020,2020-04-27 12:53:00,996.2360000000001,939.37,15.99
456,4/20/2020,2020-04-27 12:54:00,306.187,165.171,15.95
457,4/20/2020,2020-04-27 12:55:00,949.41,898.4739999999999,15.87
458,4/20/2020,2020-04-27 12:56:00,961.672,922.227,16.1
459,4/20/2020,2020-04-27 12:57:00,962.8589999999999,931.201,16.15
460,4/20/2020,2020-04-27 12:58:00,939.534,892.497,16.51
461,4/20/2020,2020-04-27 12:59:00,964.061,914.5060000000001,16.37
462,4/20/2020,2020-04-27 13:00:00,729.445,650.955,16.37
463,4/20/2020,2020-04-27 13:01:00,580.8240000000001,479.702,16.19
464,4/20/2020,2020-04-27 13:02:00,622.816,524.88,16.0
465,4/20/2020,2020-04-27 13:03:00,963.7330000000001,918.168,15.96
466,4/20/2020,2020-04-27 13:04:00,945.745,917.9739999999999,15.9
467,4/20/2020,2020-04-27 13:05:00,943.1619999999999,926.992,16.01
468,4/20/2020,2020-04-27 13:06:00,940.426,924.23,16.0
469,4/20/2020,2020-04-27 13:07:00,936.961,924.05,16.03
470,4/20/2020,2020-04-27 13:08:00,938.89,928.1439999999999,15.89
471,4/20/2020,2020-04-27 13:09:00,946.695,932.203,15.72
472,4/20/2020,2020-04-27 13:10:00,941.172,923.6189999999999,15.79
473,4/20/2020,2020-04-27 13:11:00,940.5089999999999,924.612,15.83
474,4/20/2020,2020-04-27 13:12:00,938.793,920.689,15.76
475,4/20/2020,2020-04-27 13:13:00,937.198,920.054,16.01
476,4/20/2020,2020-04-27 13:14:00,935.757,923.645,16.15
477,4/20/2020,2020-04-27 13:15:00,935.377,930.1560000000001,15.95
478,4/20/2020,2020-04-27 13:16:00,925.452,916.3739999999999,16.03
479,4/20/2020,2020-04-27 13:17:00,926.2860000000001,914.975,16.26
480,4/20/2020,2020-04-27 13:18:00,923.7869999999999,919.265,16.65
481,4/20/2020,2020-04-27 13:19:00,921.164,922.763,16.8
482,4/20/2020,2020-04-27 13:20:00,926.456,925.812,16.64
483,4/20/2020,2020-04-27 13:21:00,924.793,913.275,16.68
484,4/20/2020,2020-04-27 13:22:00,890.1419999999999,881.436,16.3
485,4/20/2020,2020-04-27 13:23:00,919.164,920.212,16.21
486,4/20/2020,2020-04-27 13:24:00,914.6030000000001,911.951,16.13
487,4/20/2020,2020-04-27 13:25:00,716.0189999999999,655.068,15.9
488,4/20/2020,2020-04-27 13:26:00,950.6469999999999,926.308,15.92
489,4/20/2020,2020-04-27 13:27:00,941.508,922.721,15.95
490,4/20/2020,2020-04-27 13:28:00,926.185,910.71,15.87
491,4/20/2020,2020-04-27 13:29:00,923.3610000000001,917.779,15.93
492,4/20/2020,2020-04-27 13:30:00,919.7810000000001,913.818,16.21
493,4/20/2020,2020-04-27 13:31:00,923.2260000000001,913.36,16.37
494,4/20/2020,2020-04-27 13:32:00,931.635,912.311,16.35
495,4/20/2020,2020-04-27 13:33:00,941.841,906.2260000000001,16.22
496,4/20/2020,2020-04-27 13:34:00,711.038,604.011,15.93
497,4/20/2020,2020-04-27 13:35:00,763.6410000000001,657.654,15.99
498,4/20/2020,2020-04-27 13:36:00,599.521,470.952,16.17
499,4/20/2020,2020-04-27 13:37:00,813.932,744.08,15.9
500,4/20/2020,2020-04-27 13:38:00,945.8480000000001,904.2310000000001,15.67
501,4/20/2020,2020-04-27 13:39:00,942.883,905.947,15.53
502,4/20/2020,2020-04-27 13:40:00,938.857,906.38,15.6
503,4/20/2020,2020-04-27 13:41:00,906.73,880.8760000000001,15.82
504,4/20/2020,2020-04-27 13:42:00,920.1360000000001,906.385,16.19
505,4/20/2020,2020-04-27 13:43:00,898.645,890.4119999999999,16.19
506,4/20/2020,2020-04-27 13:44:00,907.73,908.0989999999999,15.94
507,4/20/2020,2020-04-27 13:45:00,905.467,898.7260000000001,16.08
508,4/20/2020,2020-04-27 13:46:00,916.789,911.682,16.08
509,4/20/2020,2020-04-27 13:47:00,913.63,905.653,16.13
510,4/20/2020,2020-04-27 13:48:00,900.7410000000001,898.1389999999999,16.29
511,4/20/2020,2020-04-27 13:49:00,905.043,899.198,16.25
512,4/20/2020,2020-04-27 13:50:00,904.551,897.99,16.18
513,4/20/2020,2020-04-27 13:51:00,901.564,901.702,16.22
514,4/20/2020,2020-04-27 13:52:00,892.438,904.2810000000001,16.32
515,4/20/2020,2020-04-27 13:53:00,879.17,904.801,16.28
516,4/20/2020,2020-04-27 13:54:00,868.817,905.5989999999999,16.13
517,4/20/2020,2020-04-27 13:55:00,859.56,904.818,16.1
518,4/20/2020,2020-04-27 13:56:00,851.063,902.123,16.22
519,4/20/2020,2020-04-27 13:57:00,844.378,904.702,16.44
520,4/20/2020,2020-04-27 13:58:00,838.1669999999999,903.802,16.52
521,4/20/2020,2020-04-27 13:59:00,831.5880000000001,901.694,16.4
522,4/20/2020,2020-04-27 14:00:00,826.6310000000001,900.7410000000001,16.15
523,4/20/2020,2020-04-27 14:01:00,830.222,903.954,16.08
524,4/20/2020,2020-04-27 14:02:00,659.72,685.487,15.96
525,4/20/2020,2020-04-27 14:03:00,759.4939999999999,790.8589999999999,15.86
526,4/20/2020,2020-04-27 14:04:00,852.158,900.505,15.91
527,4/20/2020,2020-04-27 14:05:00,841.556,902.4639999999999,16.2
528,4/20/2020,2020-04-27 14:06:00,829.59,898.578,16.19
529,4/20/2020,2020-04-27 14:07:00,826.538,904.8389999999999,16.06
530,4/20/2020,2020-04-27 14:08:00,828.778,902.51,15.87
531,4/20/2020,2020-04-27 14:09:00,665.802,696.377,16.16
532,4/20/2020,2020-04-27 14:10:00,815.5269999999999,894.443,16.3
533,4/20/2020,2020-04-27 14:11:00,808.182,896.317,16.14
534,4/20/2020,2020-04-27 14:12:00,804.546,897.057,15.88
535,4/20/2020,2020-04-27 14:13:00,784.164,875.438,16.07
536,4/20/2020,2020-04-27 14:14:00,804.563,898.831,16.35
537,4/20/2020,2020-04-27 14:15:00,801.89,894.2589999999999,16.11
538,4/20/2020,2020-04-27 14:16:00,789.928,893.845,16.06
539,4/20/2020,2020-04-27 14:17:00,783.5089999999999,894.451,16.08
540,4/20/2020,2020-04-27 14:18:00,777.814,891.445,16.01
541,4/20/2020,2020-04-27 14:19:00,770.818,889.6439999999999,15.99
542,4/20/2020,2020-04-27 14:20:00,764.807,890.71,16.06
543,4/20/2020,2020-04-27 14:21:00,759.3939999999999,889.671,16.25
544,4/20/2020,2020-04-27 14:22:00,757.029,891.065,16.16
545,4/20/2020,2020-04-27 14:23:00,754.585,892.273,16.26
546,4/20/2020,2020-04-27 14:24:00,750.7769999999999,889.8919999999999,16.18
547,4/20/2020,2020-04-27 14:25:00,747.3330000000001,890.6010000000001,16.33
548,4/20/2020,2020-04-27 14:26:00,745.158,891.069,15.93
549,4/20/2020,2020-04-27 14:27:00,740.852,888.255,16.02
550,4/20/2020,2020-04-27 14:28:00,739.174,887.842,16.3
551,4/20/2020,2020-04-27 14:29:00,737.6460000000001,886.495,16.33
552,4/20/2020,2020-04-27 14:30:00,735.701,885.548,16.33
553,4/20/2020,2020-04-27 14:31:00,734.355,884.706,16.24
554,4/20/2020,2020-04-27 14:32:00,733.2719999999999,883.0089999999999,16.21
555,4/20/2020,2020-04-27 14:33:00,737.712,886.377,16.11
556,4/20/2020,2020-04-27 14:34:00,755.9760000000001,905.321,16.37
557,4/20/2020,2020-04-27 14:35:00,381.783,378.216,16.46
558,4/20/2020,2020-04-27 14:36:00,735.3539999999999,843.039,16.54
559,4/20/2020,2020-04-27 14:37:00,770.9630000000001,872.8960000000001,16.21
560,4/20/2020,2020-04-27 14:38:00,800.1519999999999,906.6669999999999,16.06
561,4/20/2020,2020-04-27 14:39:00,799.5139999999999,895.8660000000001,15.77
562,4/20/2020,2020-04-27 14:40:00,535.465,517.705,15.69
563,4/20/2020,2020-04-27 14:41:00,537.434,514.778,15.63
564,4/20/2020,2020-04-27 14:42:00,754.2639999999999,809.171,15.59
565,4/20/2020,2020-04-27 14:43:00,673.742,696.905,15.57
566,4/20/2020,2020-04-27 14:44:00,779.057,859.672,15.61
567,4/20/2020,2020-04-27 14:45:00,769.438,865.303,15.71
568,4/20/2020,2020-04-27 14:46:00,762.385,871.19,15.88
569,4/20/2020,2020-04-27 14:47:00,760.1160000000001,866.462,15.84
570,4/20/2020,2020-04-27 14:48:00,519.747,509.58,15.89
571,4/20/2020,2020-04-27 14:49:00,587.391,592.6030000000001,16.25
572,4/20/2020,2020-04-27 14:50:00,675.488,707.703,16.25
573,4/20/2020,2020-04-27 14:51:00,250.563,110.38,16.21
574,4/20/2020,2020-04-27 14:52:00,433.645,366.642,15.87
575,4/20/2020,2020-04-27 14:53:00,800.243,879.568,15.79
576,4/20/2020,2020-04-27 14:54:00,680.2180000000001,686.5110000000001,15.65
577,4/20/2020,2020-04-27 14:55:00,785.625,819.8739999999999,15.41
578,4/20/2020,2020-04-27 14:56:00,644.432,611.754,15.56
579,4/20/2020,2020-04-27 14:57:00,809.034,859.12,15.43
580,4/20/2020,2020-04-27 14:58:00,809.429,863.0160000000001,15.6
581,4/20/2020,2020-04-27 14:59:00,801.4989999999999,862.495,15.66
582,4/20/2020,2020-04-27 15:00:00,790.61,861.8480000000001,15.59
583,4/20/2020,2020-04-27 15:01:00,779.836,860.362,15.81
584,4/20/2020,2020-04-27 15:02:00,771.422,858.924,15.74
585,4/20/2020,2020-04-27 15:03:00,762.507,856.3989999999999,15.83
586,4/20/2020,2020-04-27 15:04:00,751.023,845.212,16.28
587,4/20/2020,2020-04-27 15:05:00,234.875,85.3584,16.12
588,4/20/2020,2020-04-27 15:06:00,166.71200000000002,0.0,15.9
589,4/20/2020,2020-04-27 15:07:00,155.82,0.0,15.32
590,4/20/2020,2020-04-27 15:08:00,157.985,0.0,15.02
591,4/20/2020,2020-04-27 15:09:00,169.9,0.0,14.94
592,4/20/2020,2020-04-27 15:10:00,178.87599999999998,3.8056099999999997,14.75
593,4/20/2020,2020-04-27 15:11:00,179.547,0.0,14.61
594,4/20/2020,2020-04-27 15:12:00,183.475,0.0,14.5
595,4/20/2020,2020-04-27 15:13:00,187.46099999999998,0.0,14.45
596,4/20/2020,2020-04-27 15:14:00,196.872,0.0,14.54
597,4/20/2020,2020-04-27 15:15:00,215.361,1.42351,14.6
598,4/20/2020,2020-04-27 15:16:00,353.95099999999996,191.68599999999998,14.72
599,4/20/2020,2020-04-27 15:17:00,626.677,619.283,14.96
600,4/20/2020,2020-04-27 15:18:00,257.08799999999997,28.6456,15.35
601,4/20/2020,2020-04-27 15:19:00,232.636,0.0,15.51
602,4/20/2020,2020-04-27 15:20:00,242.59599999999998,1.1027,15.52
603,4/20/2020,2020-04-27 15:21:00,363.592,181.878,15.25
604,4/20/2020,2020-04-27 15:22:00,311.634,80.168,15.07
605,4/20/2020,2020-04-27 15:23:00,251.40900000000002,0.0,14.98
606,4/20/2020,2020-04-27 15:24:00,251.408,0.0,14.94
607,4/20/2020,2020-04-27 15:25:00,251.86900000000003,0.0,14.95
608,4/20/2020,2020-04-27 15:26:00,290.04,53.8604,14.79
609,4/20/2020,2020-04-27 15:27:00,441.398,308.039,14.69
610,4/20/2020,2020-04-27 15:28:00,480.476,388.015,14.8
611,4/20/2020,2020-04-27 15:29:00,502.639,433.856,14.95
612,4/20/2020,2020-04-27 15:30:00,264.567,37.8593,15.31
613,4/20/2020,2020-04-27 15:31:00,261.473,33.2225,15.29
614,4/20/2020,2020-04-27 15:32:00,441.834,346.847,15.3
615,4/20/2020,2020-04-27 15:33:00,322.311,165.02,15.29
616,4/20/2020,2020-04-27 15:34:00,547.8480000000001,573.395,15.26
617,4/20/2020,2020-04-27 15:35:00,624.294,708.887,15.3
618,4/20/2020,2020-04-27 15:36:00,329.2,204.547,15.29
619,4/20/2020,2020-04-27 15:37:00,280.192,133.156,15.24
620,4/20/2020,2020-04-27 15:38:00,362.767,269.546,15.24
621,4/20/2020,2020-04-27 15:39:00,282.12,139.265,15.11
622,4/20/2020,2020-04-27 15:40:00,188.762,0.0,15.13
623,4/20/2020,2020-04-27 15:41:00,181.468,0.0,14.96
624,4/20/2020,2020-04-27 15:42:00,176.97099999999998,0.0,14.76
625,4/20/2020,2020-04-27 15:43:00,177.77900000000002,1.26854,14.71
626,4/20/2020,2020-04-27 15:44:00,168.02900000000002,0.0,14.68
627,4/20/2020,2020-04-27 15:45:00,170.043,0.0,14.67
628,4/20/2020,2020-04-27 15:46:00,178.361,0.0,14.71
629,4/20/2020,2020-04-27 15:47:00,190.62900000000002,5.01105,14.73
630,4/20/2020,2020-04-27 15:48:00,261.12,118.383,14.68
631,4/20/2020,2020-04-27 15:49:00,344.209,267.642,14.77
632,4/20/2020,2020-04-27 15:50:00,232.83700000000002,64.0278,14.8
633,4/20/2020,2020-04-27 15:51:00,188.333,0.0,14.85
634,4/20/2020,2020-04-27 15:52:00,183.965,0.0,14.68
635,4/20/2020,2020-04-27 15:53:00,188.019,0.0,14.64
636,4/20/2020,2020-04-27 15:54:00,195.60299999999998,0.0,14.71
637,4/20/2020,2020-04-27 15:55:00,250.183,80.7954,14.71
638,4/20/2020,2020-04-27 15:56:00,380.465,316.737,14.75
639,4/20/2020,2020-04-27 15:57:00,544.273,612.8340000000001,14.85
640,4/20/2020,2020-04-27 15:58:00,271.33099999999996,86.4524,15.02
641,4/20/2020,2020-04-27 15:59:00,302.861,156.045,15.12
642,4/20/2020,2020-04-27 16:00:00,344.909,263.553,15.16
643,4/20/2020,2020-04-27 16:01:00,344.365,284.385,15.32
644,4/20/2020,2020-04-27 16:02:00,305.6,222.16099999999997,15.53
645,4/20/2020,2020-04-27 16:03:00,463.675,540.582,15.57
646,4/20/2020,2020-04-27 16:04:00,230.153,91.7948,15.42
647,4/20/2020,2020-04-27 16:05:00,174.71200000000002,0.00214,15.39
648,4/20/2020,2020-04-27 16:06:00,165.24400000000003,0.0,15.35
649,4/20/2020,2020-04-27 16:07:00,164.61700000000002,0.135474,15.22
650,4/20/2020,2020-04-27 16:08:00,156.61,0.0,15.08
651,4/20/2020,2020-04-27 16:09:00,153.811,0.0,14.96
652,4/20/2020,2020-04-27 16:10:00,149.575,0.0,14.94
653,4/20/2020,2020-04-27 16:11:00,143.64700000000002,0.0,14.89
654,4/20/2020,2020-04-27 16:12:00,137.05200000000002,0.0,14.7
655,4/20/2020,2020-04-27 16:13:00,131.023,0.0,14.57
656,4/20/2020,2020-04-27 16:14:00,123.486,0.0,14.56
657,4/20/2020,2020-04-27 16:15:00,113.944,0.0,14.53
658,4/20/2020,2020-04-27 16:16:00,104.90799999999999,0.0,14.49
659,4/20/2020,2020-04-27 16:17:00,98.5172,0.0,14.44
660,4/20/2020,2020-04-27 16:18:00,95.3179,0.0,14.35
661,4/20/2020,2020-04-27 16:19:00,95.4801,0.0,14.26
662,4/20/2020,2020-04-27 16:20:00,99.1396,0.0,14.23
663,4/20/2020,2020-04-27 16:21:00,107.59,0.0,14.23
664,4/20/2020,2020-04-27 16:22:00,119.344,0.0,14.2
665,4/20/2020,2020-04-27 16:23:00,125.552,0.0,14.25
666,4/20/2020,2020-04-27 16:24:00,130.06799999999998,0.0,14.24
667,4/20/2020,2020-04-27 16:25:00,134.753,0.0,14.26
668,4/20/2020,2020-04-27 16:26:00,138.718,0.0,14.35
669,4/20/2020,2020-04-27 16:27:00,140.07299999999998,0.0,14.37
670,4/20/2020,2020-04-27 16:28:00,140.238,1.54721,14.38
671,4/20/2020,2020-04-27 16:29:00,127.609,1.33018,14.36
672,4/20/2020,2020-04-27 16:30:00,117.287,0.0,14.37
673,4/20/2020,2020-04-27 16:31:00,112.613,0.0,14.37
674,4/20/2020,2020-04-27 16:32:00,112.26,0.0,14.4
675,4/20/2020,2020-04-27 16:33:00,115.62200000000001,0.0,14.43
676,4/20/2020,2020-04-27 16:34:00,116.396,0.0,14.45
677,4/20/2020,2020-04-27 16:35:00,114.101,0.0,14.48
678,4/20/2020,2020-04-27 16:36:00,114.051,0.0,14.56
679,4/20/2020,2020-04-27 16:37:00,114.587,0.0,14.59
680,4/20/2020,2020-04-27 16:38:00,113.728,0.0,14.58
681,4/20/2020,2020-04-27 16:39:00,111.46700000000001,0.0,14.6
682,4/20/2020,2020-04-27 16:40:00,109.69,0.0,14.55
683,4/20/2020,2020-04-27 16:41:00,108.184,0.0,14.5
684,4/20/2020,2020-04-27 16:42:00,107.084,0.0,14.49
685,4/20/2020,2020-04-27 16:43:00,106.45700000000001,0.0,14.53
686,4/20/2020,2020-04-27 16:44:00,106.65100000000001,0.0,14.55
687,4/20/2020,2020-04-27 16:45:00,111.19,0.67164,14.51
688,4/20/2020,2020-04-27 16:46:00,108.415,2.48627,14.49
689,4/20/2020,2020-04-27 16:47:00,104.715,0.0,14.46
690,4/20/2020,2020-04-27 16:48:00,104.292,0.0,14.51
691,4/20/2020,2020-04-27 16:49:00,104.213,0.0,14.52
692,4/20/2020,2020-04-27 16:50:00,103.759,0.0,14.53
693,4/20/2020,2020-04-27 16:51:00,104.12799999999999,0.0,14.51
694,4/20/2020,2020-04-27 16:52:00,104.837,0.0,14.51
695,4/20/2020,2020-04-27 16:53:00,106.23299999999999,0.0,14.5
696,4/20/2020,2020-04-27 16:54:00,107.73,0.0,14.5
697,4/20/2020,2020-04-27 16:55:00,108.64299999999999,0.0,14.54
698,4/20/2020,2020-04-27 16:56:00,108.256,0.0,14.56
699,4/20/2020,2020-04-27 16:57:00,103.314,0.0,14.55
700,4/20/2020,2020-04-27 16:58:00,96.4427,0.0,14.63
701,4/20/2020,2020-04-27 16:59:00,89.6701,0.0,14.73
702,4/20/2020,2020-04-27 17:00:00,84.5807,0.0,14.75
703,4/20/2020,2020-04-27 17:01:00,82.1999,0.0,14.72
704,4/20/2020,2020-04-27 17:02:00,81.8052,0.0,14.73
705,4/20/2020,2020-04-27 17:03:00,82.9227,0.0,14.73
706,4/20/2020,2020-04-27 17:04:00,85.1774,0.0,14.66
707,4/20/2020,2020-04-27 17:05:00,87.2947,0.0,14.62
708,4/20/2020,2020-04-27 17:06:00,87.6986,0.0,14.53
709,4/20/2020,2020-04-27 17:07:00,86.3153,0.0,14.46
710,4/20/2020,2020-04-27 17:08:00,83.2123,0.0,14.4
711,4/20/2020,2020-04-27 17:09:00,78.351,0.0,14.38
712,4/20/2020,2020-04-27 17:10:00,73.5568,0.0,14.35
713,4/20/2020,2020-04-27 17:11:00,69.6877,0.0,14.33
714,4/20/2020,2020-04-27 17:12:00,66.0909,0.0,14.33
715,4/20/2020,2020-04-27 17:13:00,62.5968,0.0,14.3
716,4/20/2020,2020-04-27 17:14:00,59.1679,0.0,14.31
717,4/20/2020,2020-04-27 17:15:00,56.4281,0.0,14.27
718,4/20/2020,2020-04-27 17:16:00,54.9245,0.0,14.27
719,4/20/2020,2020-04-27 17:17:00,55.453,0.0,14.27
720,4/20/2020,2020-04-27 17:18:00,56.0509,0.0,14.27
721,4/20/2020,2020-04-27 17:19:00,56.2705,0.0,14.26
722,4/20/2020,2020-04-27 17:20:00,57.9033,0.0,14.25
723,4/20/2020,2020-04-27 17:21:00,59.1593,0.0,14.2
724,4/20/2020,2020-04-27 17:22:00,60.5657,0.0,14.11
725,4/20/2020,2020-04-27 17:23:00,61.4603,0.0,14.03
726,4/20/2020,2020-04-27 17:24:00,60.9301,0.0,14.01
727,4/20/2020,2020-04-27 17:25:00,59.2483,0.0,14.07
728,4/20/2020,2020-04-27 17:26:00,57.6333,0.0,14.03
729,4/20/2020,2020-04-27 17:27:00,55.9416,0.0,14.0
730,4/20/2020,2020-04-27 17:28:00,54.1389,0.0,14.0
731,4/20/2020,2020-04-27 17:29:00,53.4017,0.0,13.97
732,4/20/2020,2020-04-27 17:30:00,53.3494,0.0,13.94
733,4/20/2020,2020-04-27 17:31:00,52.8087,0.0,13.88
734,4/20/2020,2020-04-27 17:32:00,51.4342,0.0,13.83
735,4/20/2020,2020-04-27 17:33:00,49.2604,0.0,13.85
736,4/20/2020,2020-04-27 17:34:00,47.8414,0.0,13.88
737,4/20/2020,2020-04-27 17:35:00,48.0715,0.0,13.89
738,4/20/2020,2020-04-27 17:36:00,49.1902,0.0,13.87
739,4/20/2020,2020-04-27 17:37:00,49.7852,0.0,13.87
740,4/20/2020,2020-04-27 17:38:00,49.4131,0.0,13.89
741,4/20/2020,2020-04-27 17:39:00,48.4881,0.0,13.92
742,4/20/2020,2020-04-27 17:40:00,46.8404,0.0,14.0
743,4/20/2020,2020-04-27 17:41:00,47.5482,0.580041,14.03
744,4/20/2020,2020-04-27 17:42:00,78.3508,132.11,14.08
745,4/20/2020,2020-04-27 17:43:00,59.7901,36.2677,14.11
746,4/20/2020,2020-04-27 17:44:00,46.5438,13.3609,14.13
747,4/20/2020,2020-04-27 17:45:00,38.7953,0.0,14.1
748,4/20/2020,2020-04-27 17:46:00,36.5522,0.0,14.05
749,4/20/2020,2020-04-27 17:47:00,35.4615,0.0,14.0
750,4/20/2020,2020-04-27 17:48:00,34.3711,0.0,13.97
751,4/20/2020,2020-04-27 17:49:00,33.4496,0.0,13.96
752,4/20/2020,2020-04-27 17:50:00,32.4629,0.0,13.94
753,4/20/2020,2020-04-27 17:51:00,32.0131,0.0,13.88
754,4/20/2020,2020-04-27 17:52:00,32.2944,0.0,13.86
755,4/20/2020,2020-04-27 17:53:00,32.9177,0.0,13.89
756,4/20/2020,2020-04-27 17:54:00,33.4197,0.0,13.88
757,4/20/2020,2020-04-27 17:55:00,33.7551,0.0,13.87
758,4/20/2020,2020-04-27 17:56:00,33.8441,0.0,13.92
759,4/20/2020,2020-04-27 17:57:00,33.3877,0.0,13.94
760,4/20/2020,2020-04-27 17:58:00,32.2123,0.0,13.96
761,4/20/2020,2020-04-27 17:59:00,30.6472,0.0,13.94
762,4/20/2020,2020-04-27 18:00:00,28.9188,0.0,13.96
763,4/20/2020,2020-04-27 18:01:00,27.9076,0.0,13.92
764,4/20/2020,2020-04-27 18:02:00,26.6991,0.0,13.84
765,4/20/2020,2020-04-27 18:03:00,26.0787,0.0,13.73
766,4/20/2020,2020-04-27 18:04:00,25.608,0.0,13.74
767,4/20/2020,2020-04-27 18:05:00,25.5186,0.0,13.72
768,4/20/2020,2020-04-27 18:06:00,25.0805,0.0,13.68
769,4/20/2020,2020-04-27 18:07:00,24.6426,0.0,13.64
770,4/20/2020,2020-04-27 18:08:00,24.3089,0.0,13.64
771,4/20/2020,2020-04-27 18:09:00,24.1516,0.0,13.59
772,4/20/2020,2020-04-27 18:10:00,23.7842,0.0,13.53
773,4/20/2020,2020-04-27 18:11:00,23.6623,0.0,13.46
774,4/20/2020,2020-04-27 18:12:00,23.3276,0.0,13.5
775,4/20/2020,2020-04-27 18:13:00,23.3078,0.0,13.57
776,4/20/2020,2020-04-27 18:14:00,23.3236,0.0,13.58
777,4/20/2020,2020-04-27 18:15:00,23.8304,0.0,13.62
778,4/20/2020,2020-04-27 18:16:00,24.4064,0.0,13.63
779,4/20/2020,2020-04-27 18:17:00,24.9436,0.0,13.67
780,4/20/2020,2020-04-27 18:18:00,25.5475,0.0,13.71
781,4/20/2020,2020-04-27 18:19:00,25.9342,0.0,13.71
782,4/20/2020,2020-04-27 18:20:00,26.2769,0.0,13.69
783,4/20/2020,2020-04-27 18:21:00,26.9948,0.0,13.63
784,4/20/2020,2020-04-27 18:22:00,28.1137,0.0,13.67
785,4/20/2020,2020-04-27 18:23:00,29.4517,0.0,13.66
786,4/20/2020,2020-04-27 18:24:00,31.0293,0.0,13.67
787,4/20/2020,2020-04-27 18:25:00,31.578,0.0,13.67
788,4/20/2020,2020-04-27 18:26:00,30.9584,0.0,13.68
789,4/20/2020,2020-04-27 18:27:00,29.3186,0.0,13.64
790,4/20/2020,2020-04-27 18:28:00,27.151,0.0,13.64
791,4/20/2020,2020-04-27 18:29:00,24.5048,0.0,13.61
792,4/20/2020,2020-04-27 18:30:00,21.8635,0.0,13.57
793,4/20/2020,2020-04-27 18:31:00,19.5608,0.0,13.5
794,4/20/2020,2020-04-27 18:32:00,17.3006,0.0,13.44
795,4/20/2020,2020-04-27 18:33:00,15.4499,0.0,13.38
796,4/20/2020,2020-04-27 18:34:00,13.6704,0.0,13.27
797,4/20/2020,2020-04-27 18:35:00,12.0709,0.0,13.21
798,4/20/2020,2020-04-27 18:36:00,10.4267,0.0,13.17
799,4/20/2020,2020-04-27 18:37:00,8.78443,0.0,13.07
800,4/20/2020,2020-04-27 18:38:00,7.3087800000000005,0.0,12.95
801,4/20/2020,2020-04-27 18:39:00,5.9309,0.0,12.86
802,4/20/2020,2020-04-27 18:40:00,4.77655,0.0,12.84
803,4/20/2020,2020-04-27 18:41:00,4.02505,0.0,12.81
804,4/20/2020,2020-04-27 18:42:00,9.0925,0.0,12.59
805,4/20/2020,2020-04-27 18:43:00,7.68997,0.0,12.4
806,4/21/2020,2020-04-27 05:16:00,6.921589999999999,0.0,5.306
807,4/21/2020,2020-04-27 05:17:00,7.6977899999999995,0.0,5.167999999999999
808,4/21/2020,2020-04-27 05:18:00,5.32885,0.0,5.078
809,4/21/2020,2020-04-27 05:19:00,3.8392800000000005,0.0,5.07
810,4/21/2020,2020-04-27 05:20:00,4.82546,0.0,5.065
811,4/21/2020,2020-04-27 05:21:00,6.04512,0.0,5.098
812,4/21/2020,2020-04-27 05:22:00,7.4731,0.0,5.172000000000001
813,4/21/2020,2020-04-27 05:23:00,8.98155,0.0,5.318
814,4/21/2020,2020-04-27 05:24:00,10.6321,0.0,5.349
815,4/21/2020,2020-04-27 05:25:00,12.4935,0.0,5.349
816,4/21/2020,2020-04-27 05:26:00,14.2346,0.0,5.353
817,4/21/2020,2020-04-27 05:27:00,16.0557,0.0,5.404
818,4/21/2020,2020-04-27 05:28:00,18.0772,0.0,5.325
819,4/21/2020,2020-04-27 05:29:00,20.0715,0.0,5.289
820,4/21/2020,2020-04-27 05:30:00,22.261999999999997,0.0,5.401
821,4/21/2020,2020-04-27 05:31:00,24.5576,69.11,5.4639999999999995
822,4/21/2020,2020-04-27 05:32:00,26.6479,6.906960000000001,5.519
823,4/21/2020,2020-04-27 05:33:00,28.8422,159.105,5.355
824,4/21/2020,2020-04-27 05:34:00,31.1749,0.305162,5.29
825,4/21/2020,2020-04-27 05:35:00,33.5113,115.085,5.25
826,4/21/2020,2020-04-27 05:36:00,35.8171,212.03,5.28
827,4/21/2020,2020-04-27 05:37:00,38.3078,133.879,5.35
828,4/21/2020,2020-04-27 05:38:00,40.8059,256.009,5.577000000000001
829,4/21/2020,2020-04-27 05:39:00,43.464,270.875,5.689
830,4/21/2020,2020-04-27 05:40:00,46.178,286.486,5.72
831,4/21/2020,2020-04-27 05:41:00,48.8413,148.485,5.7410000000000005
832,4/21/2020,2020-04-27 05:42:00,51.4879,313.26599999999996,5.8389999999999995
833,4/21/2020,2020-04-27 05:43:00,54.4055,330.707,5.952000000000001
834,4/21/2020,2020-04-27 05:44:00,57.1038,343.925,5.978
835,4/21/2020,2020-04-27 05:45:00,60.04,357.73199999999997,6.032
836,4/21/2020,2020-04-27 05:46:00,63.1443,371.81,6.104
837,4/21/2020,2020-04-27 05:47:00,66.2056,383.157,6.195
838,4/21/2020,2020-04-27 05:48:00,69.3992,397.926,6.337000000000001
839,4/21/2020,2020-04-27 05:49:00,72.4849,408.959,6.417000000000001
840,4/21/2020,2020-04-27 05:50:00,75.3216,418.19199999999995,6.4670000000000005
841,4/21/2020,2020-04-27 05:51:00,78.3661,430.14099999999996,6.527
842,4/21/2020,2020-04-27 05:52:00,81.3089,437.296,6.485
843,4/21/2020,2020-04-27 05:53:00,84.3153,446.055,6.516
844,4/21/2020,2020-04-27 05:54:00,87.0816,452.897,6.473
845,4/21/2020,2020-04-27 05:55:00,89.278,453.546,6.513999999999999
846,4/21/2020,2020-04-27 05:56:00,91.7322,457.44199999999995,6.572
847,4/21/2020,2020-04-27 05:57:00,93.9049,457.76800000000003,6.608
848,4/21/2020,2020-04-27 05:58:00,95.4615,453.51199999999994,6.635
849,4/21/2020,2020-04-27 05:59:00,97.9437,457.666,6.68
850,4/21/2020,2020-04-27 06:00:00,100.699,460.662,6.74
851,4/21/2020,2020-04-27 06:01:00,103.09200000000001,463.564,6.791
852,4/21/2020,2020-04-27 06:02:00,105.395,463.44300000000004,6.895
853,4/21/2020,2020-04-27 06:03:00,107.663,465.145,6.87
854,4/21/2020,2020-04-27 06:04:00,110.681,468.906,6.577999999999999
855,4/21/2020,2020-04-27 06:05:00,114.74700000000001,475.108,6.473
856,4/21/2020,2020-04-27 06:06:00,118.39399999999999,480.58,6.504
857,4/21/2020,2020-04-27 06:07:00,121.97,485.413,6.5520000000000005
858,4/21/2020,2020-04-27 06:08:00,125.24700000000001,488.04699999999997,6.591
859,4/21/2020,2020-04-27 06:09:00,128.195,494.0,6.602
860,4/21/2020,2020-04-27 06:10:00,131.181,502.906,6.6
861,4/21/2020,2020-04-27 06:11:00,134.4,508.458,6.65
862,4/21/2020,2020-04-27 06:12:00,137.961,517.477,6.692
863,4/21/2020,2020-04-27 06:13:00,140.804,522.387,6.7829999999999995
864,4/21/2020,2020-04-27 06:14:00,143.17600000000002,525.923,6.7989999999999995
865,4/21/2020,2020-04-27 06:15:00,146.043,532.865,6.922999999999999
866,4/21/2020,2020-04-27 06:16:00,149.156,540.644,6.952000000000001
867,4/21/2020,2020-04-27 06:17:00,152.393,548.496,7.059
868,4/21/2020,2020-04-27 06:18:00,155.577,553.4159999999999,7.255
869,4/21/2020,2020-04-27 06:19:00,158.975,559.57,7.3260000000000005
870,4/21/2020,2020-04-27 06:20:00,162.38299999999998,564.471,7.52
871,4/21/2020,2020-04-27 06:21:00,165.99099999999999,571.198,7.702999999999999
872,4/21/2020,2020-04-27 06:22:00,169.642,576.294,7.747999999999999
873,4/21/2020,2020-04-27 06:23:00,173.36700000000002,582.764,7.684
874,4/21/2020,2020-04-27 06:24:00,176.82299999999998,586.435,7.727
875,4/21/2020,2020-04-27 06:25:00,180.231,592.398,7.768
876,4/21/2020,2020-04-27 06:26:00,183.512,597.8430000000001,7.871
877,4/21/2020,2020-04-27 06:27:00,186.46599999999998,601.065,7.962000000000001
878,4/21/2020,2020-04-27 06:28:00,189.69299999999998,605.4540000000001,7.9670000000000005
879,4/21/2020,2020-04-27 06:29:00,192.68099999999998,608.558,8.04
880,4/21/2020,2020-04-27 06:30:00,195.997,612.035,8.12
881,4/21/2020,2020-04-27 06:31:00,199.63099999999997,615.595,8.2
882,4/21/2020,2020-04-27 06:32:00,203.15599999999998,620.309,8.19
883,4/21/2020,2020-04-27 06:33:00,206.483,623.134,8.19
884,4/21/2020,2020-04-27 06:34:00,209.893,627.75,8.37
885,4/21/2020,2020-04-27 06:35:00,212.792,631.203,8.36
886,4/21/2020,2020-04-27 06:36:00,216.015,636.867,8.3
887,4/21/2020,2020-04-27 06:37:00,219.065,639.716,8.3
888,4/21/2020,2020-04-27 06:38:00,222.11,641.2909999999999,8.39
889,4/21/2020,2020-04-27 06:39:00,225.638,644.726,8.48
890,4/21/2020,2020-04-27 06:40:00,228.71599999999998,647.847,8.57
891,4/21/2020,2020-04-27 06:41:00,231.953,651.144,8.73
892,4/21/2020,2020-04-27 06:42:00,235.269,655.4010000000001,8.98
893,4/21/2020,2020-04-27 06:43:00,238.52,657.047,9.03
894,4/21/2020,2020-04-27 06:44:00,241.688,659.568,9.15
895,4/21/2020,2020-04-27 06:45:00,245.18400000000003,663.393,9.32
896,4/21/2020,2020-04-27 06:46:00,248.58599999999998,666.842,9.45
897,4/21/2020,2020-04-27 06:47:00,251.868,669.674,9.46
898,4/21/2020,2020-04-27 06:48:00,254.295,670.605,9.6
899,4/21/2020,2020-04-27 06:49:00,256.944,670.1569999999999,9.83
900,4/21/2020,2020-04-27 06:50:00,260.194,673.6010000000001,9.81
901,4/21/2020,2020-04-27 06:51:00,263.036,675.3539999999999,9.76
902,4/21/2020,2020-04-27 06:52:00,265.552,675.2860000000001,9.94
903,4/21/2020,2020-04-27 06:53:00,269.543,680.503,10.12
904,4/21/2020,2020-04-27 06:54:00,273.089,683.7710000000001,10.28
905,4/21/2020,2020-04-27 06:55:00,276.562,687.0310000000001,10.46
906,4/21/2020,2020-04-27 06:56:00,280.08299999999997,690.663,10.7
907,4/21/2020,2020-04-27 06:57:00,283.402,693.748,10.77
908,4/21/2020,2020-04-27 06:58:00,286.718,696.447,10.7
909,4/21/2020,2020-04-27 06:59:00,289.767,697.682,10.73
910,4/21/2020,2020-04-27 07:00:00,292.92900000000003,699.846,10.71
911,4/21/2020,2020-04-27 07:01:00,296.598,703.3710000000001,10.58
912,4/21/2020,2020-04-27 07:02:00,299.812,706.443,10.62
913,4/21/2020,2020-04-27 07:03:00,302.366,706.8839999999999,10.4
914,4/21/2020,2020-04-27 07:04:00,304.092,706.191,10.34
915,4/21/2020,2020-04-27 07:05:00,309.191,712.9860000000001,10.21
916,4/21/2020,2020-04-27 07:06:00,312.248,715.168,10.02
917,4/21/2020,2020-04-27 07:07:00,315.221,716.826,10.03
918,4/21/2020,2020-04-27 07:08:00,319.034,720.737,9.94
919,4/21/2020,2020-04-27 07:09:00,320.741,717.635,9.79
920,4/21/2020,2020-04-27 07:10:00,320.892,711.637,9.82
921,4/21/2020,2020-04-27 07:11:00,322.11,709.2869999999999,9.96
922,4/21/2020,2020-04-27 07:12:00,324.473,709.378,10.05
923,4/21/2020,2020-04-27 07:13:00,329.298,715.8839999999999,10.0
924,4/21/2020,2020-04-27 07:14:00,334.81800000000004,723.5989999999999,9.91
925,4/21/2020,2020-04-27 07:15:00,339.376,729.85,9.95
926,4/21/2020,2020-04-27 07:16:00,343.408,733.803,9.91
927,4/21/2020,2020-04-27 07:17:00,347.208,736.2810000000001,9.72
928,4/21/2020,2020-04-27 07:18:00,350.775,740.1360000000001,9.87
929,4/21/2020,2020-04-27 07:19:00,354.152,742.694,9.95
930,4/21/2020,2020-04-27 07:20:00,357.501,744.449,9.77
931,4/21/2020,2020-04-27 07:21:00,360.61699999999996,746.888,9.81
932,4/21/2020,2020-04-27 07:22:00,364.173,750.688,9.96
933,4/21/2020,2020-04-27 07:23:00,367.209,751.2610000000001,10.14
934,4/21/2020,2020-04-27 07:24:00,370.392,753.329,10.17
935,4/21/2020,2020-04-27 07:25:00,373.486,754.748,10.03
936,4/21/2020,2020-04-27 07:26:00,376.293,756.627,10.16
937,4/21/2020,2020-04-27 07:27:00,379.539,757.798,10.31
938,4/21/2020,2020-04-27 07:28:00,382.847,760.0110000000001,10.35
939,4/21/2020,2020-04-27 07:29:00,385.955,762.752,10.27
940,4/21/2020,2020-04-27 07:30:00,389.214,764.6160000000001,10.14
941,4/21/2020,2020-04-27 07:31:00,392.288,765.388,9.94
942,4/21/2020,2020-04-27 07:32:00,395.565,767.326,9.86
943,4/21/2020,2020-04-27 07:33:00,398.48900000000003,768.539,9.92
944,4/21/2020,2020-04-27 07:34:00,401.45300000000003,770.495,9.96
945,4/21/2020,2020-04-27 07:35:00,404.42400000000004,771.084,9.98
946,4/21/2020,2020-04-27 07:36:00,407.416,771.437,10.04
947,4/21/2020,2020-04-27 07:37:00,410.404,773.568,10.3
948,4/21/2020,2020-04-27 07:38:00,413.53,775.12,10.56
949,4/21/2020,2020-04-27 07:39:00,416.565,777.06,10.68
950,4/21/2020,2020-04-27 07:40:00,419.918,779.3539999999999,10.45
951,4/21/2020,2020-04-27 07:41:00,423.10699999999997,781.4739999999999,10.11
952,4/21/2020,2020-04-27 07:42:00,426.426,782.9630000000001,9.99
953,4/21/2020,2020-04-27 07:43:00,429.736,784.942,10.0
954,4/21/2020,2020-04-27 07:44:00,433.06800000000004,786.438,10.03
955,4/21/2020,2020-04-27 07:45:00,435.981,788.049,10.1
956,4/21/2020,2020-04-27 07:46:00,439.31800000000004,789.893,10.03
957,4/21/2020,2020-04-27 07:47:00,442.49800000000005,790.663,10.11
958,4/21/2020,2020-04-27 07:48:00,445.81800000000004,794.595,10.26
959,4/21/2020,2020-04-27 07:49:00,448.63699999999994,794.546,10.39
960,4/21/2020,2020-04-27 07:50:00,451.121,795.6419999999999,10.41
961,4/21/2020,2020-04-27 07:51:00,453.755,796.711,10.3
962,4/21/2020,2020-04-27 07:52:00,456.63699999999994,795.534,10.44
963,4/21/2020,2020-04-27 07:53:00,459.51300000000003,796.018,10.5
964,4/21/2020,2020-04-27 07:54:00,462.38800000000003,796.8939999999999,10.64
965,4/21/2020,2020-04-27 07:55:00,465.49800000000005,799.187,10.7
966,4/21/2020,2020-04-27 07:56:00,468.3,800.263,10.49
967,4/21/2020,2020-04-27 07:57:00,471.416,800.426,10.44
968,4/21/2020,2020-04-27 07:58:00,474.028,801.7,10.38
969,4/21/2020,2020-04-27 07:59:00,476.85,803.113,10.4
970,4/21/2020,2020-04-27 08:00:00,480.546,805.6010000000001,10.51
971,4/21/2020,2020-04-27 08:01:00,483.559,806.675,10.37
972,4/21/2020,2020-04-27 08:02:00,485.31800000000004,804.8430000000001,10.41
973,4/21/2020,2020-04-27 08:03:00,489.05199999999996,808.2260000000001,10.43
974,4/21/2020,2020-04-27 08:04:00,492.147,808.1110000000001,10.51
975,4/21/2020,2020-04-27 08:05:00,494.976,809.956,10.58
976,4/21/2020,2020-04-27 08:06:00,498.452,811.794,10.73
977,4/21/2020,2020-04-27 08:07:00,501.486,813.318,10.88
978,4/21/2020,2020-04-27 08:08:00,504.815,814.6619999999999,10.96
979,4/21/2020,2020-04-27 08:09:00,507.689,815.0089999999999,11.01
980,4/21/2020,2020-04-27 08:10:00,511.16,816.875,10.91
981,4/21/2020,2020-04-27 08:11:00,514.045,817.5369999999999,11.01
982,4/21/2020,2020-04-27 08:12:00,516.993,817.675,10.96
983,4/21/2020,2020-04-27 08:13:00,519.597,819.087,10.6
984,4/21/2020,2020-04-27 08:14:00,522.496,818.752,10.51
985,4/21/2020,2020-04-27 08:15:00,525.626,820.27,10.51
986,4/21/2020,2020-04-27 08:16:00,528.914,821.448,10.55
987,4/21/2020,2020-04-27 08:17:00,531.955,821.5089999999999,10.86
988,4/21/2020,2020-04-27 08:18:00,535.061,823.742,11.15
989,4/21/2020,2020-04-27 08:19:00,538.1709999999999,825.023,11.27
990,4/21/2020,2020-04-27 08:20:00,540.859,826.217,11.43
991,4/21/2020,2020-04-27 08:21:00,543.7909999999999,826.815,11.5
992,4/21/2020,2020-04-27 08:22:00,546.634,828.612,11.39
993,4/21/2020,2020-04-27 08:23:00,549.2130000000001,828.064,11.27
994,4/21/2020,2020-04-27 08:24:00,551.952,829.6110000000001,11.1
995,4/21/2020,2020-04-27 08:25:00,554.254,827.6060000000001,11.15
996,4/21/2020,2020-04-27 08:26:00,557.155,828.352,11.29
997,4/21/2020,2020-04-27 08:27:00,559.928,828.625,11.27
998,4/21/2020,2020-04-27 08:28:00,562.493,828.94,11.27
999,4/21/2020,2020-04-27 08:29:00,565.401,831.581,11.32
1000,4/21/2020,2020-04-27 08:30:00,568.2230000000001,832.37,11.35
1001,4/21/2020,2020-04-27 08:31:00,570.269,831.17,11.44
1002,4/21/2020,2020-04-27 08:32:00,573.3240000000001,832.814,11.4
1003,4/21/2020,2020-04-27 08:33:00,575.5830000000001,833.066,11.4
1004,4/21/2020,2020-04-27 08:34:00,578.327,833.926,11.53
1005,4/21/2020,2020-04-27 08:35:00,580.35,833.067,11.54
1006,4/21/2020,2020-04-27 08:36:00,583.74,834.323,11.44
1007,4/21/2020,2020-04-27 08:37:00,586.545,834.949,11.22
1008,4/21/2020,2020-04-27 08:38:00,590.04,836.35,11.05
1009,4/21/2020,2020-04-27 08:39:00,591.945,834.488,11.52
1010,4/21/2020,2020-04-27 08:40:00,594.181,833.24,11.86
1011,4/21/2020,2020-04-27 08:41:00,595.55,833.299,11.98
1012,4/21/2020,2020-04-27 08:42:00,598.881,834.201,11.86
1013,4/21/2020,2020-04-27 08:43:00,602.442,837.592,11.83
1014,4/21/2020,2020-04-27 08:44:00,604.261,836.465,11.86
1015,4/21/2020,2020-04-27 08:45:00,606.106,835.534,11.91
1016,4/21/2020,2020-04-27 08:46:00,609.238,834.6439999999999,11.81
1017,4/21/2020,2020-04-27 08:47:00,613.862,839.0160000000001,11.56
1018,4/21/2020,2020-04-27 08:48:00,611.543,832.205,11.54
1019,4/21/2020,2020-04-27 08:49:00,599.8919999999999,810.7610000000001,11.44
1020,4/21/2020,2020-04-27 08:50:00,601.425,809.933,11.45
1021,4/21/2020,2020-04-27 08:51:00,607.244,815.012,11.36
1022,4/21/2020,2020-04-27 08:52:00,616.263,825.4110000000001,11.25
1023,4/21/2020,2020-04-27 08:53:00,624.504,835.398,11.43
1024,4/21/2020,2020-04-27 08:54:00,600.236,793.673,11.37
1025,4/21/2020,2020-04-27 08:55:00,598.283,787.023,11.38
1026,4/21/2020,2020-04-27 08:56:00,627.1759999999999,827.075,11.63
1027,4/21/2020,2020-04-27 08:57:00,619.0169999999999,812.794,11.63
1028,4/21/2020,2020-04-27 08:58:00,617.7869999999999,807.01,11.6
1029,4/21/2020,2020-04-27 08:59:00,629.674,821.553,11.6
1030,4/21/2020,2020-04-27 09:00:00,627.851,816.545,11.82
1031,4/21/2020,2020-04-27 09:01:00,642.776,835.638,11.85
1032,4/21/2020,2020-04-27 09:02:00,650.687,843.942,11.82
1033,4/21/2020,2020-04-27 09:03:00,653.205,843.949,11.9
1034,4/21/2020,2020-04-27 09:04:00,655.2280000000001,844.003,12.08
1035,4/21/2020,2020-04-27 09:05:00,658.635,846.1110000000001,12.19
1036,4/21/2020,2020-04-27 09:06:00,661.9119999999999,848.373,12.3
1037,4/21/2020,2020-04-27 09:07:00,663.052,847.0360000000001,12.07
1038,4/21/2020,2020-04-27 09:08:00,659.2710000000001,839.59,12.07
1039,4/21/2020,2020-04-27 09:09:00,655.7339999999999,831.56,12.3
1040,4/21/2020,2020-04-27 09:10:00,672.069,850.555,12.08
1041,4/21/2020,2020-04-27 09:11:00,674.7669999999999,853.1469999999999,12.08
1042,4/21/2020,2020-04-27 09:12:00,674.2510000000001,848.0139999999999,12.19
1043,4/21/2020,2020-04-27 09:13:00,678.5,852.1139999999999,12.24
1044,4/21/2020,2020-04-27 09:14:00,678.423,850.679,12.35
1045,4/21/2020,2020-04-27 09:15:00,680.818,849.385,12.3
1046,4/21/2020,2020-04-27 09:16:00,685.0,852.409,12.18
1047,4/21/2020,2020-04-27 09:17:00,688.915,854.9830000000001,12.42
1048,4/21/2020,2020-04-27 09:18:00,689.971,854.493,12.25
1049,4/21/2020,2020-04-27 09:19:00,693.694,856.37,12.05
1050,4/21/2020,2020-04-27 09:20:00,694.7769999999999,856.8989999999999,12.19
1051,4/21/2020,2020-04-27 09:21:00,699.6080000000001,861.034,12.24
1052,4/21/2020,2020-04-27 09:22:00,700.177,859.485,12.52
1053,4/21/2020,2020-04-27 09:23:00,701.7339999999999,859.03,13.01
1054,4/21/2020,2020-04-27 09:24:00,703.304,857.808,13.13
1055,4/21/2020,2020-04-27 09:25:00,704.6439999999999,858.827,12.72
1056,4/21/2020,2020-04-27 09:26:00,708.051,858.837,12.68
1057,4/21/2020,2020-04-27 09:27:00,713.33,865.0980000000001,12.88
1058,4/21/2020,2020-04-27 09:28:00,714.959,864.48,12.68
1059,4/21/2020,2020-04-27 09:29:00,716.712,865.0060000000001,12.25
1060,4/21/2020,2020-04-27 09:30:00,717.685,862.924,12.37
1061,4/21/2020,2020-04-27 09:31:00,718.242,859.9860000000001,12.4
1062,4/21/2020,2020-04-27 09:32:00,718.341,856.7710000000001,12.63
1063,4/21/2020,2020-04-27 09:33:00,722.3660000000001,860.862,12.87
1064,4/21/2020,2020-04-27 09:34:00,725.1619999999999,862.34,12.92
1065,4/21/2020,2020-04-27 09:35:00,728.068,863.467,13.01
1066,4/21/2020,2020-04-27 09:36:00,730.7410000000001,865.6160000000001,12.99
1067,4/21/2020,2020-04-27 09:37:00,732.66,865.9110000000001,12.88
1068,4/21/2020,2020-04-27 09:38:00,736.437,867.85,13.08
1069,4/21/2020,2020-04-27 09:39:00,739.566,870.7589999999999,13.19
1070,4/21/2020,2020-04-27 09:40:00,743.568,873.311,13.24
1071,4/21/2020,2020-04-27 09:41:00,746.056,873.755,13.36
1072,4/21/2020,2020-04-27 09:42:00,747.904,874.96,13.38
1073,4/21/2020,2020-04-27 09:43:00,749.8430000000001,874.087,13.3
1074,4/21/2020,2020-04-27 09:44:00,751.533,874.77,13.2
1075,4/21/2020,2020-04-27 09:45:00,753.3789999999999,875.559,13.33
1076,4/21/2020,2020-04-27 09:46:00,756.197,875.065,13.47
1077,4/21/2020,2020-04-27 09:47:00,757.574,874.1510000000001,13.56
1078,4/21/2020,2020-04-27 09:48:00,761.057,875.535,13.39
1079,4/21/2020,2020-04-27 09:49:00,763.206,878.078,13.15
1080,4/21/2020,2020-04-27 09:50:00,764.535,877.717,13.37
1081,4/21/2020,2020-04-27 09:51:00,767.0010000000001,879.493,13.65
1082,4/21/2020,2020-04-27 09:52:00,768.193,881.6560000000001,13.87
1083,4/21/2020,2020-04-27 09:53:00,770.546,879.11,13.85
1084,4/21/2020,2020-04-27 09:54:00,772.467,879.197,13.61
1085,4/21/2020,2020-04-27 09:55:00,773.563,879.6489999999999,13.88
1086,4/21/2020,2020-04-27 09:56:00,774.804,881.2739999999999,14.03
1087,4/21/2020,2020-04-27 09:57:00,775.575,878.058,14.07
1088,4/21/2020,2020-04-27 09:58:00,780.0160000000001,879.1310000000001,14.36
1089,4/21/2020,2020-04-27 09:59:00,781.538,885.318,14.7
1090,4/21/2020,2020-04-27 10:00:00,783.299,885.477,14.82
1091,4/21/2020,2020-04-27 10:01:00,785.415,884.4630000000001,14.5
1092,4/21/2020,2020-04-27 10:02:00,788.8760000000001,885.99,14.54
1093,4/21/2020,2020-04-27 10:03:00,789.538,882.331,14.19
1094,4/21/2020,2020-04-27 10:04:00,792.7280000000001,886.544,13.72
1095,4/21/2020,2020-04-27 10:05:00,793.446,885.546,13.59
1096,4/21/2020,2020-04-27 10:06:00,793.095,882.061,13.47
1097,4/21/2020,2020-04-27 10:07:00,795.83,884.4860000000001,13.19
1098,4/21/2020,2020-04-27 10:08:00,796.926,884.9839999999999,13.11
1099,4/21/2020,2020-04-27 10:09:00,799.164,886.8919999999999,13.49
1100,4/21/2020,2020-04-27 10:10:00,799.9889999999999,883.375,13.94
1101,4/21/2020,2020-04-27 10:11:00,802.763,885.063,14.27
1102,4/21/2020,2020-04-27 10:12:00,804.069,885.028,14.13
1103,4/21/2020,2020-04-27 10:13:00,805.643,884.1289999999999,14.1
1104,4/21/2020,2020-04-27 10:14:00,807.55,888.299,14.32
1105,4/21/2020,2020-04-27 10:15:00,809.9639999999999,888.207,14.28
1106,4/21/2020,2020-04-27 10:16:00,811.58,888.33,14.04
1107,4/21/2020,2020-04-27 10:17:00,811.701,884.4730000000001,14.02
1108,4/21/2020,2020-04-27 10:18:00,814.393,886.954,14.08
1109,4/21/2020,2020-04-27 10:19:00,816.6489999999999,886.9860000000001,13.88
1110,4/21/2020,2020-04-27 10:20:00,818.878,890.32,13.83
1111,4/21/2020,2020-04-27 10:21:00,820.4010000000001,888.698,13.68
1112,4/21/2020,2020-04-27 10:22:00,823.2310000000001,891.291,13.83
1113,4/21/2020,2020-04-27 10:23:00,825.169,891.7230000000001,14.12
1114,4/21/2020,2020-04-27 10:24:00,823.6139999999999,890.092,14.2
1115,4/21/2020,2020-04-27 10:25:00,826.148,889.793,14.35
1116,4/21/2020,2020-04-27 10:26:00,827.765,889.3439999999999,14.41
1117,4/21/2020,2020-04-27 10:27:00,831.034,892.8530000000001,14.57
1118,4/21/2020,2020-04-27 10:28:00,831.745,893.049,13.94
1119,4/21/2020,2020-04-27 10:29:00,833.3539999999999,892.27,13.86
1120,4/21/2020,2020-04-27 10:30:00,833.675,892.845,14.01
1121,4/21/2020,2020-04-27 10:31:00,835.422,893.1,14.24
1122,4/21/2020,2020-04-27 10:32:00,837.51,893.82,14.45
1123,4/21/2020,2020-04-27 10:33:00,838.8639999999999,893.4839999999999,14.9
1124,4/21/2020,2020-04-27 10:34:00,840.909,892.0160000000001,14.93
1125,4/21/2020,2020-04-27 10:35:00,842.935,893.145,14.75
1126,4/21/2020,2020-04-27 10:36:00,844.6039999999999,893.62,14.69
1127,4/21/2020,2020-04-27 10:37:00,847.709,898.028,14.79
1128,4/21/2020,2020-04-27 10:38:00,850.008,898.375,14.69
1129,4/21/2020,2020-04-27 10:39:00,851.414,900.845,14.58
1130,4/21/2020,2020-04-27 10:40:00,853.2710000000001,900.512,14.64
1131,4/21/2020,2020-04-27 10:41:00,854.4939999999999,900.313,14.89
1132,4/21/2020,2020-04-27 10:42:00,852.798,895.6469999999999,14.85
1133,4/21/2020,2020-04-27 10:43:00,854.6389999999999,897.007,14.55
1134,4/21/2020,2020-04-27 10:44:00,855.6139999999999,894.487,14.38
1135,4/21/2020,2020-04-27 10:45:00,856.64,894.058,14.67
1136,4/21/2020,2020-04-27 10:46:00,858.703,895.72,14.73
1137,4/21/2020,2020-04-27 10:47:00,858.3939999999999,894.46,14.58
1138,4/21/2020,2020-04-27 10:48:00,862.7589999999999,897.868,14.18
1139,4/21/2020,2020-04-27 10:49:00,868.4069999999999,901.605,14.02
1140,4/21/2020,2020-04-27 10:50:00,869.8910000000001,901.4860000000001,13.89
1141,4/21/2020,2020-04-27 10:51:00,867.89,898.8560000000001,13.71
1142,4/21/2020,2020-04-27 10:52:00,865.7689999999999,892.323,13.83
1143,4/21/2020,2020-04-27 10:53:00,868.676,895.159,14.26
1144,4/21/2020,2020-04-27 10:54:00,869.8760000000001,896.6189999999999,14.49
1145,4/21/2020,2020-04-27 10:55:00,873.297,896.6110000000001,14.58
1146,4/21/2020,2020-04-27 10:56:00,875.96,897.9889999999999,14.78
1147,4/21/2020,2020-04-27 10:57:00,873.159,891.185,14.82
1148,4/21/2020,2020-04-27 10:58:00,872.711,891.398,14.91
1149,4/21/2020,2020-04-27 10:59:00,874.243,887.2260000000001,15.09
1150,4/21/2020,2020-04-27 11:00:00,874.574,887.13,15.36
1151,4/21/2020,2020-04-27 11:01:00,876.13,887.0039999999999,15.33
1152,4/21/2020,2020-04-27 11:02:00,880.034,889.735,15.13
1153,4/21/2020,2020-04-27 11:03:00,882.553,895.013,14.83
1154,4/21/2020,2020-04-27 11:04:00,883.678,894.154,14.78
1155,4/21/2020,2020-04-27 11:05:00,887.928,895.58,14.97
1156,4/21/2020,2020-04-27 11:06:00,886.738,893.28,15.15
1157,4/21/2020,2020-04-27 11:07:00,884.0239999999999,888.8810000000001,15.01
1158,4/21/2020,2020-04-27 11:08:00,884.503,884.9119999999999,14.88
1159,4/21/2020,2020-04-27 11:09:00,884.732,884.003,15.04
1160,4/21/2020,2020-04-27 11:10:00,886.793,886.67,14.91
1161,4/21/2020,2020-04-27 11:11:00,887.562,886.9119999999999,14.65
1162,4/21/2020,2020-04-27 11:12:00,890.8489999999999,889.334,14.64
1163,4/21/2020,2020-04-27 11:13:00,891.925,887.9910000000001,14.84
1164,4/21/2020,2020-04-27 11:14:00,895.627,892.4789999999999,14.85
1165,4/21/2020,2020-04-27 11:15:00,898.8530000000001,895.393,14.5
1166,4/21/2020,2020-04-27 11:16:00,897.2589999999999,890.2260000000001,14.7
1167,4/21/2020,2020-04-27 11:17:00,897.28,888.937,14.94
1168,4/21/2020,2020-04-27 11:18:00,898.819,888.227,15.15
1169,4/21/2020,2020-04-27 11:19:00,898.328,886.082,15.28
1170,4/21/2020,2020-04-27 11:20:00,901.4169999999999,887.273,15.16
1171,4/21/2020,2020-04-27 11:21:00,903.237,888.383,14.8
1172,4/21/2020,2020-04-27 11:22:00,906.8760000000001,890.628,15.21
1173,4/21/2020,2020-04-27 11:23:00,911.227,892.6160000000001,15.16
1174,4/21/2020,2020-04-27 11:24:00,908.2560000000001,886.4069999999999,14.95
1175,4/21/2020,2020-04-27 11:25:00,907.795,886.41,14.98
1176,4/21/2020,2020-04-27 11:26:00,912.554,891.932,14.92
1177,4/21/2020,2020-04-27 11:27:00,906.046,883.225,14.98
1178,4/21/2020,2020-04-27 11:28:00,903.19,879.541,15.11
1179,4/21/2020,2020-04-27 11:29:00,902.8430000000001,877.7389999999999,15.17
1180,4/21/2020,2020-04-27 11:30:00,906.077,882.117,15.43
1181,4/21/2020,2020-04-27 11:31:00,910.492,888.012,15.52
1182,4/21/2020,2020-04-27 11:32:00,914.308,895.025,15.74
1183,4/21/2020,2020-04-27 11:33:00,917.197,896.3960000000001,15.87
1184,4/21/2020,2020-04-27 11:34:00,916.877,895.057,15.66
1185,4/21/2020,2020-04-27 11:35:00,911.015,888.883,15.53
1186,4/21/2020,2020-04-27 11:36:00,906.122,885.8889999999999,15.58
1187,4/21/2020,2020-04-27 11:37:00,885.4839999999999,863.812,15.57
1188,4/21/2020,2020-04-27 11:38:00,879.2610000000001,857.034,15.32
1189,4/21/2020,2020-04-27 11:39:00,885.923,865.503,15.35
1190,4/21/2020,2020-04-27 11:40:00,888.54,867.085,15.67
1191,4/21/2020,2020-04-27 11:41:00,885.395,865.328,16.14
1192,4/21/2020,2020-04-27 11:42:00,891.592,873.743,15.97
1193,4/21/2020,2020-04-27 11:43:00,897.194,880.298,15.7
1194,4/21/2020,2020-04-27 11:44:00,900.669,882.882,15.9
1195,4/21/2020,2020-04-27 11:45:00,903.653,889.2130000000001,16.3
1196,4/21/2020,2020-04-27 11:46:00,900.846,887.768,16.53
1197,4/21/2020,2020-04-27 11:47:00,901.445,887.684,16.19
1198,4/21/2020,2020-04-27 11:48:00,897.617,882.2310000000001,16.01
1199,4/21/2020,2020-04-27 11:49:00,900.883,885.242,16.07
1200,4/21/2020,2020-04-27 11:50:00,898.3330000000001,884.2410000000001,16.26
1201,4/21/2020,2020-04-27 11:51:00,898.801,884.097,16.46
1202,4/21/2020,2020-04-27 11:52:00,897.15,881.97,16.11
1203,4/21/2020,2020-04-27 11:53:00,897.826,882.812,16.21
1204,4/21/2020,2020-04-27 11:54:00,897.671,884.595,16.25
1205,4/21/2020,2020-04-27 11:55:00,895.4760000000001,876.95,16.31
1206,4/21/2020,2020-04-27 11:56:00,892.965,876.041,16.35
1207,4/21/2020,2020-04-27 11:57:00,892.29,874.9839999999999,16.68
1208,4/21/2020,2020-04-27 11:58:00,892.972,871.932,16.85
1209,4/21/2020,2020-04-27 11:59:00,891.7139999999999,873.9639999999999,17.01
1210,4/21/2020,2020-04-27 12:00:00,897.182,876.176,17.26
1211,4/21/2020,2020-04-27 12:01:00,898.561,875.5260000000001,17.28
1212,4/21/2020,2020-04-27 12:02:00,895.1339999999999,874.203,16.6
1213,4/21/2020,2020-04-27 12:03:00,891.44,867.212,16.22
1214,4/21/2020,2020-04-27 12:04:00,890.706,865.421,16.02
1215,4/21/2020,2020-04-27 12:05:00,894.1560000000001,871.4689999999999,15.81
1216,4/21/2020,2020-04-27 12:06:00,899.59,877.4689999999999,15.92
1217,4/21/2020,2020-04-27 12:07:00,900.497,875.3919999999999,16.13
1218,4/21/2020,2020-04-27 12:08:00,896.7560000000001,871.2860000000001,15.93
1219,4/21/2020,2020-04-27 12:09:00,892.836,863.44,16.07
1220,4/21/2020,2020-04-27 12:10:00,894.323,863.7080000000001,16.22
1221,4/21/2020,2020-04-27 12:11:00,895.829,865.19,16.16
1222,4/21/2020,2020-04-27 12:12:00,896.703,862.064,16.23
1223,4/21/2020,2020-04-27 12:13:00,899.1610000000001,864.6060000000001,16.11
1224,4/21/2020,2020-04-27 12:14:00,907.217,871.702,16.12
1225,4/21/2020,2020-04-27 12:15:00,911.2289999999999,874.919,15.9
1226,4/21/2020,2020-04-27 12:16:00,911.15,872.434,15.69
1227,4/21/2020,2020-04-27 12:17:00,908.85,866.279,15.85
1228,4/21/2020,2020-04-27 12:18:00,908.4639999999999,862.562,15.98
1229,4/21/2020,2020-04-27 12:19:00,904.148,858.882,16.19
1230,4/21/2020,2020-04-27 12:20:00,904.55,858.617,16.44
1231,4/21/2020,2020-04-27 12:21:00,903.559,856.7310000000001,16.42
1232,4/21/2020,2020-04-27 12:22:00,900.6080000000001,854.7230000000001,16.74
1233,4/21/2020,2020-04-27 12:23:00,900.008,851.7439999999999,16.97
1234,4/21/2020,2020-04-27 12:24:00,896.295,845.993,16.72
1235,4/21/2020,2020-04-27 12:25:00,892.748,840.441,16.56
1236,4/21/2020,2020-04-27 12:26:00,888.0889999999999,835.553,16.44
1237,4/21/2020,2020-04-27 12:27:00,888.467,833.3560000000001,16.29
1238,4/21/2020,2020-04-27 12:28:00,888.939,834.323,16.06
1239,4/21/2020,2020-04-27 12:29:00,884.4839999999999,831.4689999999999,16.08
1240,4/21/2020,2020-04-27 12:30:00,884.998,831.16,16.2
1241,4/21/2020,2020-04-27 12:31:00,887.9760000000001,833.811,16.24
1242,4/21/2020,2020-04-27 12:32:00,893.813,834.051,16.54
1243,4/21/2020,2020-04-27 12:33:00,882.331,817.875,16.43
1244,4/21/2020,2020-04-27 12:34:00,886.8389999999999,821.832,16.19
1245,4/21/2020,2020-04-27 12:35:00,878.1439999999999,814.9580000000001,15.98
1246,4/21/2020,2020-04-27 12:36:00,877.706,815.112,16.53
1247,4/21/2020,2020-04-27 12:37:00,885.86,823.908,16.64
1248,4/21/2020,2020-04-27 12:38:00,887.5060000000001,825.404,16.21
1249,4/21/2020,2020-04-27 12:39:00,890.186,826.346,16.58
1250,4/21/2020,2020-04-27 12:40:00,889.8960000000001,824.7339999999999,17.11
1251,4/21/2020,2020-04-27 12:41:00,882.4830000000001,812.715,17.23
1252,4/21/2020,2020-04-27 12:42:00,886.8789999999999,818.982,17.27
1253,4/21/2020,2020-04-27 12:43:00,888.74,818.937,17.42
1254,4/21/2020,2020-04-27 12:44:00,886.6089999999999,816.296,17.52
1255,4/21/2020,2020-04-27 12:45:00,884.54,811.45,17.48
1256,4/21/2020,2020-04-27 12:46:00,890.784,815.238,17.27
1257,4/21/2020,2020-04-27 12:47:00,895.6139999999999,820.08,17.21
1258,4/21/2020,2020-04-27 12:48:00,893.8389999999999,816.328,16.82
1259,4/21/2020,2020-04-27 12:49:00,886.677,806.8960000000001,17.0
1260,4/21/2020,2020-04-27 12:50:00,880.545,795.865,17.0
1261,4/21/2020,2020-04-27 12:51:00,876.558,788.02,17.25
1262,4/21/2020,2020-04-27 12:52:00,874.7339999999999,785.063,17.38
1263,4/21/2020,2020-04-27 12:53:00,867.799,772.328,17.0
1264,4/21/2020,2020-04-27 12:54:00,864.523,764.865,16.77
1265,4/21/2020,2020-04-27 12:55:00,859.2760000000001,753.1060000000001,16.85
1266,4/21/2020,2020-04-27 12:56:00,849.922,737.9630000000001,17.1
1267,4/21/2020,2020-04-27 12:57:00,832.423,713.012,16.9
1268,4/21/2020,2020-04-27 12:58:00,828.0830000000001,700.062,16.35
1269,4/21/2020,2020-04-27 12:59:00,809.5089999999999,678.75,16.29
1270,4/21/2020,2020-04-27 13:00:00,781.323,640.476,16.41
1271,4/21/2020,2020-04-27 13:01:00,804.222,661.862,16.33
1272,4/21/2020,2020-04-27 13:02:00,837.345,694.137,16.32
1273,4/21/2020,2020-04-27 13:03:00,825.637,678.7860000000001,16.14
1274,4/21/2020,2020-04-27 13:04:00,754.199,592.26,16.2
1275,4/21/2020,2020-04-27 13:05:00,728.664,558.881,16.23
1276,4/21/2020,2020-04-27 13:06:00,777.546,611.725,16.38
1277,4/21/2020,2020-04-27 13:07:00,820.341,660.2739999999999,16.12
1278,4/21/2020,2020-04-27 13:08:00,814.821,649.4119999999999,15.97
1279,4/21/2020,2020-04-27 13:09:00,792.5880000000001,621.489,16.02
1280,4/21/2020,2020-04-27 13:10:00,854.315,688.575,16.21
1281,4/21/2020,2020-04-27 13:11:00,860.6139999999999,693.577,16.34
1282,4/21/2020,2020-04-27 13:12:00,853.418,679.548,16.62
1283,4/21/2020,2020-04-27 13:13:00,823.8330000000001,642.437,16.85
1284,4/21/2020,2020-04-27 13:14:00,757.5160000000001,561.133,16.94
1285,4/21/2020,2020-04-27 13:15:00,721.0189999999999,515.118,16.81
1286,4/21/2020,2020-04-27 13:16:00,683.823,468.39099999999996,16.12
1287,4/21/2020,2020-04-27 13:17:00,717.2,502.981,16.07
1288,4/21/2020,2020-04-27 13:18:00,693.9,476.985,16.05
1289,4/21/2020,2020-04-27 13:19:00,703.2080000000001,488.244,16.17
1290,4/21/2020,2020-04-27 13:20:00,796.85,596.9490000000001,16.09
1291,4/21/2020,2020-04-27 13:21:00,801.638,605.05,16.28
1292,4/21/2020,2020-04-27 13:22:00,811.426,616.689,16.36
1293,4/21/2020,2020-04-27 13:23:00,746.2410000000001,541.158,16.23
1294,4/21/2020,2020-04-27 13:24:00,632.737,410.282,16.41
1295,4/21/2020,2020-04-27 13:25:00,496.57,252.87,16.38
1296,4/21/2020,2020-04-27 13:26:00,424.281,167.04,15.98
1297,4/21/2020,2020-04-27 13:27:00,528.751,285.85400000000004,15.66
1298,4/21/2020,2020-04-27 13:28:00,680.3510000000001,461.129,15.69
1299,4/21/2020,2020-04-27 13:29:00,813.794,614.2819999999999,15.87
1300,4/21/2020,2020-04-27 13:30:00,826.3710000000001,628.58,16.23
1301,4/21/2020,2020-04-27 13:31:00,855.677,665.8889999999999,16.23
1302,4/21/2020,2020-04-27 13:32:00,861.008,676.68,16.2
1303,4/21/2020,2020-04-27 13:33:00,835.265,648.835,16.29
1304,4/21/2020,2020-04-27 13:34:00,812.2139999999999,624.164,16.47
1305,4/21/2020,2020-04-27 13:35:00,794.5369999999999,608.38,16.9
1306,4/21/2020,2020-04-27 13:36:00,794.9789999999999,618.54,16.87
1307,4/21/2020,2020-04-27 13:37:00,790.4580000000001,621.264,16.5
1308,4/21/2020,2020-04-27 13:38:00,788.058,621.673,16.42
1309,4/21/2020,2020-04-27 13:39:00,817.5169999999999,649.6990000000001,16.47
1310,4/21/2020,2020-04-27 13:40:00,810.196,637.2719999999999,16.34
1311,4/21/2020,2020-04-27 13:41:00,780.198,606.109,16.22
1312,4/21/2020,2020-04-27 13:42:00,474.973,237.59,16.26
1313,4/21/2020,2020-04-27 13:43:00,386.506,127.745,16.23
1314,4/21/2020,2020-04-27 13:44:00,686.438,494.454,15.87
1315,4/21/2020,2020-04-27 13:45:00,720.3760000000001,547.658,16.0
1316,4/21/2020,2020-04-27 13:46:00,715.102,547.148,16.15
1317,4/21/2020,2020-04-27 13:47:00,790.148,635.266,16.32
1318,4/21/2020,2020-04-27 13:48:00,776.7610000000001,622.221,16.25
1319,4/21/2020,2020-04-27 13:49:00,827.686,696.677,16.17
1320,4/21/2020,2020-04-27 13:50:00,847.885,733.957,16.24
1321,4/21/2020,2020-04-27 13:51:00,857.07,754.7189999999999,16.4
1322,4/21/2020,2020-04-27 13:52:00,858.202,761.1260000000001,16.59
1323,4/21/2020,2020-04-27 13:53:00,856.465,758.575,16.82
1324,4/21/2020,2020-04-27 13:54:00,876.127,775.7639999999999,16.91
1325,4/21/2020,2020-04-27 13:55:00,887.1160000000001,780.955,17.16
1326,4/21/2020,2020-04-27 13:56:00,883.553,775.8989999999999,17.17
1327,4/21/2020,2020-04-27 13:57:00,710.4119999999999,563.535,17.15
1328,4/21/2020,2020-04-27 13:58:00,850.472,728.753,17.13
1329,4/21/2020,2020-04-27 13:59:00,883.2919999999999,765.35,16.95
1330,4/21/2020,2020-04-27 14:00:00,855.066,727.2410000000001,16.98
1331,4/21/2020,2020-04-27 14:01:00,847.36,716.587,17.1
1332,4/21/2020,2020-04-27 14:02:00,836.762,706.092,17.09
1333,4/21/2020,2020-04-27 14:03:00,827.7919999999999,692.482,16.71
1334,4/21/2020,2020-04-27 14:04:00,827.7189999999999,699.63,16.72
1335,4/21/2020,2020-04-27 14:05:00,847.023,728.1489999999999,16.71
1336,4/21/2020,2020-04-27 14:06:00,798.059,668.1030000000001,17.1
1337,4/21/2020,2020-04-27 14:07:00,766.8989999999999,638.684,17.33
1338,4/21/2020,2020-04-27 14:08:00,495.582,306.868,17.27
1339,4/21/2020,2020-04-27 14:09:00,284.124,45.5242,16.8
1340,4/21/2020,2020-04-27 14:10:00,244.077,0.0,16.48
1341,4/21/2020,2020-04-27 14:11:00,233.915,0.0,16.15
1342,4/21/2020,2020-04-27 14:12:00,222.53599999999997,0.0,16.04
1343,4/21/2020,2020-04-27 14:13:00,215.657,0.0,15.86
1344,4/21/2020,2020-04-27 14:14:00,209.614,0.0,15.69
1345,4/21/2020,2020-04-27 14:15:00,203.97099999999998,0.0,15.72
1346,4/21/2020,2020-04-27 14:16:00,199.975,0.0,15.51
1347,4/21/2020,2020-04-27 14:17:00,197.49099999999999,0.0,15.28
1348,4/21/2020,2020-04-27 14:18:00,197.59900000000002,0.0,15.21
1349,4/21/2020,2020-04-27 14:19:00,200.83700000000002,0.0,15.27
1350,4/21/2020,2020-04-27 14:20:00,206.58700000000002,0.0,15.34
1351,4/21/2020,2020-04-27 14:21:00,215.261,0.0,15.37
1352,4/21/2020,2020-04-27 14:22:00,227.62,0.0,15.4
1353,4/21/2020,2020-04-27 14:23:00,241.097,0.0,15.37
1354,4/21/2020,2020-04-27 14:24:00,258.276,2.05881,15.41
1355,4/21/2020,2020-04-27 14:25:00,275.722,7.342060000000001,15.45
1356,4/21/2020,2020-04-27 14:26:00,276.637,8.559610000000001,15.53
1357,4/21/2020,2020-04-27 14:27:00,264.014,0.0,15.65
1358,4/21/2020,2020-04-27 14:28:00,258.691,0.0,15.64
1359,4/21/2020,2020-04-27 14:29:00,259.888,0.0,15.68
1360,4/21/2020,2020-04-27 14:30:00,271.098,6.96794,15.74
1361,4/21/2020,2020-04-27 14:31:00,295.158,35.6422,15.83
1362,4/21/2020,2020-04-27 14:32:00,317.122,60.0233,15.83
1363,4/21/2020,2020-04-27 14:33:00,376.963,132.252,15.75
1364,4/21/2020,2020-04-27 14:34:00,414.79900000000004,180.49200000000002,15.8
1365,4/21/2020,2020-04-27 14:35:00,388.088,148.34,15.73
1366,4/21/2020,2020-04-27 14:36:00,400.474,176.078,15.64
1367,4/21/2020,2020-04-27 14:37:00,376.966,162.28,15.83
1368,4/21/2020,2020-04-27 14:38:00,329.44599999999997,112.43,15.94
1369,4/21/2020,2020-04-27 14:39:00,281.699,72.946,15.96
1370,4/21/2020,2020-04-27 14:40:00,224.308,13.1409,15.87
1371,4/21/2020,2020-04-27 14:41:00,197.736,0.0,16.08
1372,4/21/2020,2020-04-27 14:42:00,192.56900000000002,3.90555,16.15
1373,4/21/2020,2020-04-27 14:43:00,181.65900000000002,3.1312,16.07
1374,4/21/2020,2020-04-27 14:44:00,165.954,0.0,15.96
1375,4/21/2020,2020-04-27 14:45:00,156.34799999999998,0.0,15.86
1376,4/21/2020,2020-04-27 14:46:00,149.882,0.0,15.84
1377,4/21/2020,2020-04-27 14:47:00,146.127,0.0,15.87
1378,4/21/2020,2020-04-27 14:48:00,143.589,0.0,15.81
1379,4/21/2020,2020-04-27 14:49:00,141.845,0.0,15.85
1380,4/21/2020,2020-04-27 14:50:00,141.15200000000002,0.0,15.78
1381,4/21/2020,2020-04-27 14:51:00,142.16899999999998,0.0,15.74
1382,4/21/2020,2020-04-27 14:52:00,144.795,0.0,15.71
1383,4/21/2020,2020-04-27 14:53:00,148.592,0.0,15.71
1384,4/21/2020,2020-04-27 14:54:00,152.461,0.0,15.68
1385,4/21/2020,2020-04-27 14:55:00,155.93,0.0,15.62
1386,4/21/2020,2020-04-27 14:56:00,158.599,0.0,15.54
1387,4/21/2020,2020-04-27 14:57:00,160.489,0.0,15.51
1388,4/21/2020,2020-04-27 14:58:00,162.273,0.0,15.52
1389,4/21/2020,2020-04-27 14:59:00,164.125,0.0,15.54
1390,4/21/2020,2020-04-27 15:00:00,166.27700000000002,0.0,15.56
1391,4/21/2020,2020-04-27 15:01:00,168.66400000000002,0.0,15.59
1392,4/21/2020,2020-04-27 15:02:00,171.82299999999998,0.0,15.63
1393,4/21/2020,2020-04-27 15:03:00,175.514,0.0,15.7
1394,4/21/2020,2020-04-27 15:04:00,178.612,0.0,15.7
1395,4/21/2020,2020-04-27 15:05:00,182.143,0.0,15.72
1396,4/21/2020,2020-04-27 15:06:00,185.83599999999998,0.0,15.78
1397,4/21/2020,2020-04-27 15:07:00,189.56400000000002,0.0,15.84
1398,4/21/2020,2020-04-27 15:08:00,193.655,0.0,15.93
1399,4/21/2020,2020-04-27 15:09:00,198.523,0.0,16.0
1400,4/21/2020,2020-04-27 15:10:00,202.755,0.0,16.06
1401,4/21/2020,2020-04-27 15:11:00,207.359,0.0,16.11
1402,4/21/2020,2020-04-27 15:12:00,213.97400000000002,0.0,15.98
1403,4/21/2020,2020-04-27 15:13:00,222.59,0.0,15.93
1404,4/21/2020,2020-04-27 15:14:00,225.94400000000002,0.0,15.85
1405,4/21/2020,2020-04-27 15:15:00,238.813,1.2553299999999998,15.87
1406,4/21/2020,2020-04-27 15:16:00,249.755,19.8815,16.0
1407,4/21/2020,2020-04-27 15:17:00,252.518,7.292210000000001,16.07
1408,4/21/2020,2020-04-27 15:18:00,256.54,12.7261,16.04
1409,4/21/2020,2020-04-27 15:19:00,270.935,29.2405,16.0
1410,4/21/2020,2020-04-27 15:20:00,267.63599999999997,11.9501,16.01
1411,4/21/2020,2020-04-27 15:21:00,271.54900000000004,12.3074,16.03
1412,4/21/2020,2020-04-27 15:22:00,276.47700000000003,23.3668,16.02
1413,4/21/2020,2020-04-27 15:23:00,284.867,36.5716,15.99
1414,4/21/2020,2020-04-27 15:24:00,309.027,78.9502,16.01
1415,4/21/2020,2020-04-27 15:25:00,272.52099999999996,21.0597,16.06
1416,4/21/2020,2020-04-27 15:26:00,284.314,27.7745,16.15
1417,4/21/2020,2020-04-27 15:27:00,285.218,36.2146,16.15
1418,4/21/2020,2020-04-27 15:28:00,302.86400000000003,61.9153,16.07
1419,4/21/2020,2020-04-27 15:29:00,334.62199999999996,107.984,16.21
1420,4/21/2020,2020-04-27 15:30:00,325.53700000000003,92.8071,16.3
1421,4/21/2020,2020-04-27 15:31:00,306.45799999999997,56.6325,16.32
1422,4/21/2020,2020-04-27 15:32:00,274.657,9.08295,16.28
1423,4/21/2020,2020-04-27 15:33:00,258.907,0.0,16.23
1424,4/21/2020,2020-04-27 15:34:00,258.216,0.0,16.3
1425,4/21/2020,2020-04-27 15:35:00,261.872,0.0,16.33
1426,4/21/2020,2020-04-27 15:36:00,269.297,0.0,16.33
1427,4/21/2020,2020-04-27 15:37:00,295.60400000000004,3.5019199999999997,16.24
1428,4/21/2020,2020-04-27 15:38:00,311.649,55.3173,16.2
1429,4/21/2020,2020-04-27 15:39:00,340.325,100.073,16.08
1430,4/21/2020,2020-04-27 15:40:00,367.208,142.80100000000002,16.03
1431,4/21/2020,2020-04-27 15:41:00,378.015,156.364,16.14
1432,4/21/2020,2020-04-27 15:42:00,358.648,119.42299999999999,16.21
1433,4/21/2020,2020-04-27 15:43:00,348.265,102.251,16.25
1434,4/21/2020,2020-04-27 15:44:00,310.319,40.6716,16.19
1435,4/21/2020,2020-04-27 15:45:00,278.574,0.0,16.01
1436,4/21/2020,2020-04-27 15:46:00,270.77099999999996,0.0,15.7
1437,4/21/2020,2020-04-27 15:47:00,265.283,0.0,15.71
1438,4/21/2020,2020-04-27 15:48:00,260.308,0.0,15.85
1439,4/21/2020,2020-04-27 15:49:00,254.834,0.0,15.79
1440,4/21/2020,2020-04-27 15:50:00,252.56400000000002,0.0,15.72
1441,4/21/2020,2020-04-27 15:51:00,310.505,104.681,15.78
1442,4/21/2020,2020-04-27 15:52:00,337.102,173.387,15.77
1443,4/21/2020,2020-04-27 15:53:00,239.416,10.5938,15.8
1444,4/21/2020,2020-04-27 15:54:00,223.36700000000002,0.0,15.99
1445,4/21/2020,2020-04-27 15:55:00,247.537,31.0047,16.05
1446,4/21/2020,2020-04-27 15:56:00,235.304,8.33033,16.04
1447,4/21/2020,2020-04-27 15:57:00,246.585,24.2189,16.16
1448,4/21/2020,2020-04-27 15:58:00,234.80700000000002,0.0,16.23
1449,4/21/2020,2020-04-27 15:59:00,227.524,0.0,16.22
1450,4/21/2020,2020-04-27 16:00:00,234.442,9.44218,16.25
1451,4/21/2020,2020-04-27 16:01:00,219.94,2.42475,16.23
1452,4/21/2020,2020-04-27 16:02:00,208.66099999999997,0.0,16.08
1453,4/21/2020,2020-04-27 16:03:00,201.45,0.0,15.99
1454,4/21/2020,2020-04-27 16:04:00,194.856,0.0,16.04
1455,4/21/2020,2020-04-27 16:05:00,189.06400000000002,0.0,15.91
1456,4/21/2020,2020-04-27 16:06:00,183.543,0.0,15.75
1457,4/21/2020,2020-04-27 16:07:00,177.271,0.0,15.62
1458,4/21/2020,2020-04-27 16:08:00,169.628,0.0,15.58
1459,4/21/2020,2020-04-27 16:09:00,161.56,0.0,15.66
1460,4/21/2020,2020-04-27 16:10:00,154.483,0.0,15.65
1461,4/21/2020,2020-04-27 16:11:00,148.751,0.0,15.69
1462,4/21/2020,2020-04-27 16:12:00,144.518,0.0,15.65
1463,4/21/2020,2020-04-27 16:13:00,141.05700000000002,0.0,15.64
1464,4/21/2020,2020-04-27 16:14:00,138.61,0.0,15.66
1465,4/21/2020,2020-04-27 16:15:00,136.336,0.0,15.63
1466,4/21/2020,2020-04-27 16:16:00,134.269,0.0,15.55
1467,4/21/2020,2020-04-27 16:17:00,132.395,0.0,15.55
1468,4/21/2020,2020-04-27 16:18:00,130.662,0.0,15.51
1469,4/21/2020,2020-04-27 16:19:00,129.561,0.0,15.58
1470,4/21/2020,2020-04-27 16:20:00,128.702,0.0,15.62
1471,4/21/2020,2020-04-27 16:21:00,128.053,0.0,15.6
1472,4/21/2020,2020-04-27 16:22:00,126.758,0.0,15.58
1473,4/21/2020,2020-04-27 16:23:00,125.70100000000001,0.0,15.55
1474,4/21/2020,2020-04-27 16:24:00,124.979,0.0,15.57
1475,4/21/2020,2020-04-27 16:25:00,124.662,0.0,15.61
1476,4/21/2020,2020-04-27 16:26:00,124.62299999999999,0.0,15.61
1477,4/21/2020,2020-04-27 16:27:00,123.975,0.0,15.56
1478,4/21/2020,2020-04-27 16:28:00,123.665,0.0,15.54
1479,4/21/2020,2020-04-27 16:29:00,123.62200000000001,0.0,15.56
1480,4/21/2020,2020-04-27 16:30:00,124.166,0.0,15.49
1481,4/21/2020,2020-04-27 16:31:00,124.779,0.0,15.46
1482,4/21/2020,2020-04-27 16:32:00,125.825,0.0,15.51
1483,4/21/2020,2020-04-27 16:33:00,127.28200000000001,0.0,15.52
1484,4/21/2020,2020-04-27 16:34:00,128.369,0.0,15.49
1485,4/21/2020,2020-04-27 16:35:00,128.125,0.0,15.5
1486,4/21/2020,2020-04-27 16:36:00,126.11200000000001,0.0,15.49
1487,4/21/2020,2020-04-27 16:37:00,122.664,0.0,15.51
1488,4/21/2020,2020-04-27 16:38:00,118.402,0.0,15.47
1489,4/21/2020,2020-04-27 16:39:00,114.14,0.0,15.42
1490,4/21/2020,2020-04-27 16:40:00,109.397,0.0,15.38
1491,4/21/2020,2020-04-27 16:41:00,104.26899999999999,0.0,15.4
1492,4/21/2020,2020-04-27 16:42:00,99.0349,0.0,15.46
1493,4/21/2020,2020-04-27 16:43:00,94.0079,0.0,15.45
1494,4/21/2020,2020-04-27 16:44:00,88.9154,0.0,15.37
1495,4/21/2020,2020-04-27 16:45:00,83.9249,0.0,15.24
1496,4/21/2020,2020-04-27 16:46:00,78.6914,0.0,15.12
1497,4/21/2020,2020-04-27 16:47:00,73.0776,0.0,15.01
1498,4/21/2020,2020-04-27 16:48:00,67.3556,0.0,14.93
1499,4/21/2020,2020-04-27 16:49:00,61.7965,0.0,14.93
1500,4/21/2020,2020-04-27 16:50:00,56.6097,0.0,14.96
1501,4/21/2020,2020-04-27 16:51:00,52.1082,0.0,14.9
1502,4/21/2020,2020-04-27 16:52:00,48.0155,0.0,14.82
1503,4/21/2020,2020-04-27 16:53:00,44.7413,0.0,14.77
1504,4/21/2020,2020-04-27 16:54:00,42.3208,0.0,14.73
1505,4/21/2020,2020-04-27 16:55:00,40.3435,0.0,14.73
1506,4/21/2020,2020-04-27 16:56:00,38.711,0.0,14.63
1507,4/21/2020,2020-04-27 16:57:00,37.3144,0.0,14.62
1508,4/21/2020,2020-04-27 16:58:00,36.1596,0.0,14.54
1509,4/21/2020,2020-04-27 16:59:00,35.2777,0.0,14.48
1510,4/21/2020,2020-04-27 17:00:00,34.431,0.0,14.38
1511,4/21/2020,2020-04-27 17:01:00,33.8221,0.0,14.32
1512,4/21/2020,2020-04-27 17:02:00,33.3838,0.0,14.29
1513,4/21/2020,2020-04-27 17:03:00,32.9794,0.0,14.29
1514,4/21/2020,2020-04-27 17:04:00,32.576,0.0,14.25
1515,4/21/2020,2020-04-27 17:05:00,32.5494,0.0,14.24
1516,4/21/2020,2020-04-27 17:06:00,32.696,0.0,14.19
1517,4/21/2020,2020-04-27 17:07:00,33.4951,0.0,14.17
1518,4/21/2020,2020-04-27 17:08:00,34.8453,0.0,14.12
1519,4/21/2020,2020-04-27 17:09:00,36.7813,0.0,14.07
1520,4/21/2020,2020-04-27 17:10:00,39.0269,0.0,14.05
1521,4/21/2020,2020-04-27 17:11:00,41.2732,0.0,14.03
1522,4/21/2020,2020-04-27 17:12:00,44.1063,0.0,14.0
1523,4/21/2020,2020-04-27 17:13:00,47.1803,0.0,14.0
1524,4/21/2020,2020-04-27 17:14:00,50.4627,0.0,14.0
1525,4/21/2020,2020-04-27 17:15:00,54.1246,0.0,14.0
1526,4/21/2020,2020-04-27 17:16:00,58.3707,0.0,14.04
1527,4/21/2020,2020-04-27 17:17:00,62.8958,0.0,14.04
1528,4/21/2020,2020-04-27 17:18:00,67.836,0.0,14.06
1529,4/21/2020,2020-04-27 17:19:00,71.5387,0.0,14.05
1530,4/21/2020,2020-04-27 17:20:00,75.1751,0.0,14.03
1531,4/21/2020,2020-04-27 17:21:00,79.2543,0.0,14.11
1532,4/21/2020,2020-04-27 17:22:00,82.3702,0.0,14.18
1533,4/21/2020,2020-04-27 17:23:00,83.7153,0.0,14.16
1534,4/21/2020,2020-04-27 17:24:00,84.4807,0.0,14.12
1535,4/21/2020,2020-04-27 17:25:00,84.4065,0.0,14.1
1536,4/21/2020,2020-04-27 17:26:00,83.5297,0.0,14.06
1537,4/21/2020,2020-04-27 17:27:00,81.8452,0.0,14.07
1538,4/21/2020,2020-04-27 17:28:00,79.8745,0.0,14.09
1539,4/21/2020,2020-04-27 17:29:00,77.518,0.0,14.06
1540,4/21/2020,2020-04-27 17:30:00,75.0854,0.0,14.0
1541,4/21/2020,2020-04-27 17:31:00,72.2618,0.0,14.01
1542,4/21/2020,2020-04-27 17:32:00,68.6741,0.0,14.01
1543,4/21/2020,2020-04-27 17:33:00,64.975,0.0,14.08
1544,4/21/2020,2020-04-27 17:34:00,61.6192,0.0,14.12
1545,4/21/2020,2020-04-27 17:35:00,59.157,0.0,14.15
1546,4/21/2020,2020-04-27 17:36:00,57.1081,0.0,14.12
1547,4/21/2020,2020-04-27 17:37:00,55.3995,0.0,14.1
1548,4/21/2020,2020-04-27 17:38:00,53.8265,0.0,14.07
1549,4/21/2020,2020-04-27 17:39:00,52.6603,0.0,14.08
1550,4/21/2020,2020-04-27 17:40:00,52.2796,0.0,14.07
1551,4/21/2020,2020-04-27 17:41:00,52.7824,0.0,14.06
1552,4/21/2020,2020-04-27 17:42:00,52.6293,0.0,14.06
1553,4/21/2020,2020-04-27 17:43:00,52.2672,0.0,14.06
1554,4/21/2020,2020-04-27 17:44:00,51.8997,0.0,14.07
1555,4/21/2020,2020-04-27 17:45:00,51.8004,0.0,14.07
1556,4/21/2020,2020-04-27 17:46:00,51.5965,0.0,14.03
1557,4/21/2020,2020-04-27 17:47:00,51.3926,0.0,13.89
1558,4/21/2020,2020-04-27 17:48:00,50.776,0.0,13.82
1559,4/21/2020,2020-04-27 17:49:00,49.6178,0.0,13.77
1560,4/21/2020,2020-04-27 17:50:00,48.4581,0.0,13.77
1561,4/21/2020,2020-04-27 17:51:00,46.8625,0.0,13.8
1562,4/21/2020,2020-04-27 17:52:00,45.1456,0.0,13.59
1563,4/21/2020,2020-04-27 17:53:00,44.0318,0.0,13.41
1564,4/21/2020,2020-04-27 17:54:00,43.5458,0.0,13.18
1565,4/21/2020,2020-04-27 17:55:00,43.5616,0.0,13.04
1566,4/21/2020,2020-04-27 17:56:00,43.9114,0.0,13.0
1567,4/21/2020,2020-04-27 17:57:00,44.4561,0.0,12.96
1568,4/21/2020,2020-04-27 17:58:00,44.8642,0.0,12.92
1569,4/21/2020,2020-04-27 17:59:00,45.1363,0.0,12.83
1570,4/21/2020,2020-04-27 18:00:00,45.2694,0.0,12.75
1571,4/21/2020,2020-04-27 18:01:00,45.3635,0.0,12.7
1572,4/21/2020,2020-04-27 18:02:00,45.011,0.0,12.66
1573,4/21/2020,2020-04-27 18:03:00,44.7505,0.0,12.68
1574,4/21/2020,2020-04-27 18:04:00,44.2073,0.0,12.63
1575,4/21/2020,2020-04-27 18:05:00,43.5935,0.0,12.51
1576,4/21/2020,2020-04-27 18:06:00,43.0791,0.0,12.33
1577,4/21/2020,2020-04-27 18:07:00,41.9179,0.0,12.26
1578,4/21/2020,2020-04-27 18:08:00,40.5793,0.0,12.23
1579,4/21/2020,2020-04-27 18:09:00,39.1001,0.0,12.2
1580,4/21/2020,2020-04-27 18:10:00,37.8623,0.0,12.27
1581,4/21/2020,2020-04-27 18:11:00,36.3431,0.0,12.32
1582,4/21/2020,2020-04-27 18:12:00,35.0341,0.0,12.33
1583,4/21/2020,2020-04-27 18:13:00,33.5489,0.0,12.29
1584,4/21/2020,2020-04-27 18:14:00,32.1321,0.0,12.22
1585,4/21/2020,2020-04-27 18:15:00,30.8156,0.0,12.24
1586,4/21/2020,2020-04-27 18:16:00,29.4957,0.0,12.26
1587,4/21/2020,2020-04-27 18:17:00,28.0675,0.030861000000000003,12.21
1588,4/21/2020,2020-04-27 18:18:00,26.8814,0.0,12.15
1589,4/21/2020,2020-04-27 18:19:00,25.2999,0.0,12.15
1590,4/21/2020,2020-04-27 18:20:00,23.9935,0.0,12.17
1591,4/21/2020,2020-04-27 18:21:00,22.7152,0.0,12.15
1592,4/21/2020,2020-04-27 18:22:00,21.463,0.0,12.14
1593,4/21/2020,2020-04-27 18:23:00,20.0942,0.0,12.15
1594,4/21/2020,2020-04-27 18:24:00,18.9599,0.0,12.17
1595,4/21/2020,2020-04-27 18:25:00,17.7765,0.0,12.2
1596,4/21/2020,2020-04-27 18:26:00,16.23,0.0,12.2
1597,4/21/2020,2020-04-27 18:27:00,14.9833,0.0,12.18
1598,4/21/2020,2020-04-27 18:28:00,13.7904,0.0,12.11
1599,4/21/2020,2020-04-27 18:29:00,12.6813,0.0,12.11
1600,4/21/2020,2020-04-27 18:30:00,11.6545,0.0,12.06
1601,4/21/2020,2020-04-27 18:31:00,10.5415,0.0,12.03
1602,4/21/2020,2020-04-27 18:32:00,9.47869,0.0,12.04
1603,4/21/2020,2020-04-27 18:33:00,8.40269,0.0,12.01
1604,4/21/2020,2020-04-27 18:34:00,7.53257,0.0,12.0
1605,4/21/2020,2020-04-27 18:35:00,6.622269999999999,0.0,12.0
1606,4/21/2020,2020-04-27 18:36:00,5.796880000000001,0.0,11.96
1607,4/21/2020,2020-04-27 18:37:00,5.0026,0.0,12.0
1608,4/21/2020,2020-04-27 18:38:00,4.23212,0.0,12.04
1609,4/21/2020,2020-04-27 18:39:00,3.46363,0.0,12.09
1610,4/21/2020,2020-04-27 18:40:00,2.8528599999999997,0.0,12.08
1611,4/21/2020,2020-04-27 18:41:00,2.20035,0.0,12.15
1612,4/21/2020,2020-04-27 18:42:00,2.03577,0.0,12.21
1613,4/21/2020,2020-04-27 18:43:00,4.91984,0.0,12.25
1614,4/21/2020,2020-04-27 18:44:00,4.476380000000001,0.0,12.23
